-- MySQL dump 10.13  Distrib 8.1.0, for Win64 (x86_64)
--
-- Host: localhost    Database: movie_web
-- ------------------------------------------------------
-- Server version	8.1.0

/*!40101 SET @OLD_CHARACTER_SET_CLIENT=@@CHARACTER_SET_CLIENT */;
/*!40101 SET @OLD_CHARACTER_SET_RESULTS=@@CHARACTER_SET_RESULTS */;
/*!40101 SET @OLD_COLLATION_CONNECTION=@@COLLATION_CONNECTION */;
/*!50503 SET NAMES utf8 */;
/*!40103 SET @OLD_TIME_ZONE=@@TIME_ZONE */;
/*!40103 SET TIME_ZONE='+00:00' */;
/*!40014 SET @OLD_UNIQUE_CHECKS=@@UNIQUE_CHECKS, UNIQUE_CHECKS=0 */;
/*!40014 SET @OLD_FOREIGN_KEY_CHECKS=@@FOREIGN_KEY_CHECKS, FOREIGN_KEY_CHECKS=0 */;
/*!40101 SET @OLD_SQL_MODE=@@SQL_MODE, SQL_MODE='NO_AUTO_VALUE_ON_ZERO' */;
/*!40111 SET @OLD_SQL_NOTES=@@SQL_NOTES, SQL_NOTES=0 */;

--
-- Table structure for table `actors`
--

DROP TABLE IF EXISTS `actors`;
/*!40101 SET @saved_cs_client     = @@character_set_client */;
/*!50503 SET character_set_client = utf8mb4 */;
CREATE TABLE `actors` (
  `id` bigint NOT NULL AUTO_INCREMENT COMMENT 'id',
  `name` varchar(100) CHARACTER SET utf8mb3 COLLATE utf8mb3_general_ci NOT NULL COMMENT '主演名字',
  `photourl` varchar(255) DEFAULT NULL COMMENT '主演照片url',
  `resume` varchar(255) DEFAULT NULL COMMENT '简介',
  PRIMARY KEY (`id`)
) ENGINE=InnoDB AUTO_INCREMENT=14 DEFAULT CHARSET=utf8mb3;
/*!40101 SET character_set_client = @saved_cs_client */;

--
-- Dumping data for table `actors`
--

LOCK TABLES `actors` WRITE;
/*!40000 ALTER TABLE `actors` DISABLE KEYS */;
INSERT INTO `actors` VALUES (2,'lx','22','54351'),(3,'ft','32','653');
/*!40000 ALTER TABLE `actors` ENABLE KEYS */;
UNLOCK TABLES;

--
-- Table structure for table `areas`
--

DROP TABLE IF EXISTS `areas`;
/*!40101 SET @saved_cs_client     = @@character_set_client */;
/*!50503 SET character_set_client = utf8mb4 */;
CREATE TABLE `areas` (
  `id` bigint NOT NULL AUTO_INCREMENT,
  `areaname` varchar(100) CHARACTER SET utf8mb3 COLLATE utf8mb3_general_ci NOT NULL COMMENT '地区名',
  `novienum` int DEFAULT '0' COMMENT '地区电影数',
  PRIMARY KEY (`id`)
) ENGINE=InnoDB AUTO_INCREMENT=6 DEFAULT CHARSET=utf8mb3;
/*!40101 SET character_set_client = @saved_cs_client */;

--
-- Dumping data for table `areas`
--

LOCK TABLES `areas` WRITE;
/*!40000 ALTER TABLE `areas` DISABLE KEYS */;
INSERT INTO `areas` VALUES (1,'中国',45),(2,'美国',66),(3,'日本',123),(4,'韩国',88);
/*!40000 ALTER TABLE `areas` ENABLE KEYS */;
UNLOCK TABLES;

--
-- Table structure for table `collections`
--

DROP TABLE IF EXISTS `collections`;
/*!40101 SET @saved_cs_client     = @@character_set_client */;
/*!50503 SET character_set_client = utf8mb4 */;
CREATE TABLE `collections` (
  `user_id` bigint NOT NULL COMMENT '用户id',
  `movie_id` bigint NOT NULL COMMENT '电影id',
  PRIMARY KEY (`user_id`)
) ENGINE=InnoDB DEFAULT CHARSET=utf8mb3;
/*!40101 SET character_set_client = @saved_cs_client */;

--
-- Dumping data for table `collections`
--

LOCK TABLES `collections` WRITE;
/*!40000 ALTER TABLE `collections` DISABLE KEYS */;
/*!40000 ALTER TABLE `collections` ENABLE KEYS */;
UNLOCK TABLES;

--
-- Table structure for table `directors`
--

DROP TABLE IF EXISTS `directors`;
/*!40101 SET @saved_cs_client     = @@character_set_client */;
/*!50503 SET character_set_client = utf8mb4 */;
CREATE TABLE `directors` (
  `id` bigint NOT NULL AUTO_INCREMENT COMMENT 'id',
  `name` varchar(100) CHARACTER SET utf8mb3 COLLATE utf8mb3_general_ci NOT NULL COMMENT '导演名字',
  `photourl` varchar(255) DEFAULT NULL COMMENT '导演照片',
  `resume` varchar(255) DEFAULT NULL COMMENT '简介',
  PRIMARY KEY (`id`)
) ENGINE=InnoDB AUTO_INCREMENT=17 DEFAULT CHARSET=utf8mb3;
/*!40101 SET character_set_client = @saved_cs_client */;

--
-- Dumping data for table `directors`
--

LOCK TABLES `directors` WRITE;
/*!40000 ALTER TABLE `directors` DISABLE KEYS */;
INSERT INTO `directors` VALUES (2,'李四','42','2222222222222222222222222222222222222224444444444444444444444444444444444444444444444444444444444442222222222222222222222222222222222222222222222222222222222222222'),(3,'张三','6','333333333333333333333333333333333333333333333333333333333333333333333333333333333333333333333333'),(4,'Tom',NULL,NULL);
/*!40000 ALTER TABLE `directors` ENABLE KEYS */;
UNLOCK TABLES;

--
-- Table structure for table `gen_table`
--

DROP TABLE IF EXISTS `gen_table`;
/*!40101 SET @saved_cs_client     = @@character_set_client */;
/*!50503 SET character_set_client = utf8mb4 */;
CREATE TABLE `gen_table` (
  `table_id` bigint NOT NULL AUTO_INCREMENT COMMENT '编号',
  `table_name` varchar(200) DEFAULT '' COMMENT '表名称',
  `table_comment` varchar(500) DEFAULT '' COMMENT '表描述',
  `sub_table_name` varchar(64) DEFAULT NULL COMMENT '关联子表的表名',
  `sub_table_fk_name` varchar(64) DEFAULT NULL COMMENT '子表关联的外键名',
  `class_name` varchar(100) DEFAULT '' COMMENT '实体类名称',
  `tpl_category` varchar(200) DEFAULT 'crud' COMMENT '使用的模板（crud单表操作 tree树表操作）',
  `tpl_web_type` varchar(30) DEFAULT '' COMMENT '前端模板类型（element-ui模版 element-plus模版）',
  `package_name` varchar(100) DEFAULT NULL COMMENT '生成包路径',
  `module_name` varchar(30) DEFAULT NULL COMMENT '生成模块名',
  `business_name` varchar(30) DEFAULT NULL COMMENT '生成业务名',
  `function_name` varchar(50) DEFAULT NULL COMMENT '生成功能名',
  `function_author` varchar(50) DEFAULT NULL COMMENT '生成功能作者',
  `gen_type` char(1) DEFAULT '0' COMMENT '生成代码方式（0zip压缩包 1自定义路径）',
  `gen_path` varchar(200) DEFAULT '/' COMMENT '生成路径（不填默认项目路径）',
  `options` varchar(1000) DEFAULT NULL COMMENT '其它生成选项',
  `create_by` varchar(64) DEFAULT '' COMMENT '创建者',
  `create_time` datetime DEFAULT NULL COMMENT '创建时间',
  `update_by` varchar(64) DEFAULT '' COMMENT '更新者',
  `update_time` datetime DEFAULT NULL COMMENT '更新时间',
  `remark` varchar(500) DEFAULT NULL COMMENT '备注',
  PRIMARY KEY (`table_id`)
) ENGINE=InnoDB AUTO_INCREMENT=9 DEFAULT CHARSET=utf8mb3 COMMENT='代码生成业务表';
/*!40101 SET character_set_client = @saved_cs_client */;

--
-- Dumping data for table `gen_table`
--

LOCK TABLES `gen_table` WRITE;
/*!40000 ALTER TABLE `gen_table` DISABLE KEYS */;
INSERT INTO `gen_table` VALUES (3,'movies','电影表','','','Movies','crud','element-ui','com.movie.data','movies','movies','电影表','ruoyi','0','/','{}','admin','2025-05-24 00:03:45','','2025-05-24 16:40:55',NULL),(4,'areas','地区表',NULL,NULL,'Areas','crud','element-ui','com.movie.data','areas','areas','地区','ruoyi','0','/','{\"parentMenuId\":2006}','admin','2025-05-24 00:03:58','','2025-05-24 14:46:40',NULL),(5,'genres','类别表',NULL,NULL,'Genres','crud','element-ui','com.movie.data','genres','genres','类别表','ruoyi','0','/','{\"parentMenuId\":2006}','admin','2025-05-24 00:03:58','','2025-05-24 15:28:56',NULL),(6,'users','用户表',NULL,NULL,'Users','crud','element-ui','com.movie.data','users','users','用户表','ruoyi','0','/','{\"parentMenuId\":2006}','admin','2025-05-24 00:03:58','','2025-05-24 15:54:30',NULL),(7,'actors','演员表','','','Actors','crud','element-ui','com.movie.data','actors','actors','演员','ruoyi','0','/','{\"parentMenuId\":2006}','admin','2025-05-24 00:04:05','','2025-05-24 22:00:53',NULL),(8,'directors','导演表','','','Directors','crud','element-ui','com.movie.data','directors','directors','导演','ruoyi','0','/','{\"parentMenuId\":2006}','admin','2025-05-24 00:04:05','','2025-05-24 22:01:01',NULL);
/*!40000 ALTER TABLE `gen_table` ENABLE KEYS */;
UNLOCK TABLES;

--
-- Table structure for table `gen_table_column`
--

DROP TABLE IF EXISTS `gen_table_column`;
/*!40101 SET @saved_cs_client     = @@character_set_client */;
/*!50503 SET character_set_client = utf8mb4 */;
CREATE TABLE `gen_table_column` (
  `column_id` bigint NOT NULL AUTO_INCREMENT COMMENT '编号',
  `table_id` bigint DEFAULT NULL COMMENT '归属表编号',
  `column_name` varchar(200) DEFAULT NULL COMMENT '列名称',
  `column_comment` varchar(500) DEFAULT NULL COMMENT '列描述',
  `column_type` varchar(100) DEFAULT NULL COMMENT '列类型',
  `java_type` varchar(500) DEFAULT NULL COMMENT 'JAVA类型',
  `java_field` varchar(200) DEFAULT NULL COMMENT 'JAVA字段名',
  `is_pk` char(1) DEFAULT NULL COMMENT '是否主键（1是）',
  `is_increment` char(1) DEFAULT NULL COMMENT '是否自增（1是）',
  `is_required` char(1) DEFAULT NULL COMMENT '是否必填（1是）',
  `is_insert` char(1) DEFAULT NULL COMMENT '是否为插入字段（1是）',
  `is_edit` char(1) DEFAULT NULL COMMENT '是否编辑字段（1是）',
  `is_list` char(1) DEFAULT NULL COMMENT '是否列表字段（1是）',
  `is_query` char(1) DEFAULT NULL COMMENT '是否查询字段（1是）',
  `query_type` varchar(200) DEFAULT 'EQ' COMMENT '查询方式（等于、不等于、大于、小于、范围）',
  `html_type` varchar(200) DEFAULT NULL COMMENT '显示类型（文本框、文本域、下拉框、复选框、单选框、日期控件）',
  `dict_type` varchar(200) DEFAULT '' COMMENT '字典类型',
  `sort` int DEFAULT NULL COMMENT '排序',
  `create_by` varchar(64) DEFAULT '' COMMENT '创建者',
  `create_time` datetime DEFAULT NULL COMMENT '创建时间',
  `update_by` varchar(64) DEFAULT '' COMMENT '更新者',
  `update_time` datetime DEFAULT NULL COMMENT '更新时间',
  PRIMARY KEY (`column_id`)
) ENGINE=InnoDB AUTO_INCREMENT=42 DEFAULT CHARSET=utf8mb3 COMMENT='代码生成业务表字段';
/*!40101 SET character_set_client = @saved_cs_client */;

--
-- Dumping data for table `gen_table_column`
--

LOCK TABLES `gen_table_column` WRITE;
/*!40000 ALTER TABLE `gen_table_column` DISABLE KEYS */;
INSERT INTO `gen_table_column` VALUES (5,3,'id','id','bigint','Long','id','1','1','0','1',NULL,NULL,NULL,'EQ','input','',1,'admin','2025-05-24 00:03:45','','2025-05-29 16:43:59'),(6,3,'name','电影名字','varchar(200)','String','name','0','0','1','1','1','1','1','LIKE','input','',2,'admin','2025-05-24 00:03:45','','2025-05-29 16:43:59'),(7,3,'area_id','电影地区','bigint','Long','areaId','0','0','0','1','1','1','1','EQ','select','is_vip',4,'admin','2025-05-24 00:03:45','','2025-05-29 16:43:59'),(8,3,'genre_id','电影类型','bigint','Long','genreId','0','0','0','1','1','1','1','EQ','select','is_vip',5,'admin','2025-05-24 00:03:45','','2025-05-29 16:43:59'),(9,3,'count','观看次数','bigint','Long','count','0','0','0','1','1','1','1','BETWEEN','input','',6,'admin','2025-05-24 00:03:45','','2025-05-29 16:43:59'),(10,3,'weekcount','本周观看次数','bigint','Long','weekcount','0','0','0','1','1','1','1','BETWEEN','input','',7,'admin','2025-05-24 00:03:45','','2025-05-29 16:43:59'),(11,3,'monthcount','月观看次数','bigint','Long','monthcount','0','0','0','1','1','1','1','BETWEEN','input','',8,'admin','2025-05-24 00:03:45','','2025-05-29 16:43:59'),(12,3,'see','是否需要vip（0否1是）','tinyint(1)','Integer','see','0','0','0','1','1','1','1','EQ','select','is_vip',9,'admin','2025-05-24 00:03:45','','2025-05-29 16:43:59'),(13,3,'description','电影描述','text','String','description','0','0','0','1','1','1','1','EQ','textarea','',10,'admin','2025-05-24 00:03:45','','2025-05-29 16:43:59'),(14,3,'score_total','评分','double','Long','scoreTotal','0','0','0','1','1','1','1','EQ','input','',11,'admin','2025-05-24 00:03:45','','2025-05-29 16:43:59'),(15,3,'score_count','评分人数','int','Long','scoreCount','0','0','0','1','1','1','1','EQ','input','',12,'admin','2025-05-24 00:03:45','','2025-05-29 16:43:59'),(16,4,'id','','bigint','Long','id','1','1','0','1',NULL,NULL,NULL,'EQ','input','',1,'admin','2025-05-24 00:03:58','','2025-05-24 14:46:40'),(19,5,'id','','bigint','Long','id','1','1','0','1',NULL,NULL,NULL,'EQ','input','',1,'admin','2025-05-24 00:03:58','','2025-05-24 15:28:56'),(20,5,'type','电影类别','varchar(100)','String','type','0','0','1','1','1','1','1','LIKE','input','',2,'admin','2025-05-24 00:03:58','','2025-05-24 15:28:56'),(21,5,'nums','类别数量','int','Long','nums','0','0','0','1','1','1','1','EQ','input','',3,'admin','2025-05-24 00:03:58','','2025-05-24 15:28:56'),(22,6,'id','id','bigint','Long','id','1','1','0','1',NULL,NULL,NULL,'EQ','input','',1,'admin','2025-05-24 00:03:58','','2025-05-24 15:54:30'),(23,6,'username','账户','varchar(50)','String','username','0','0','1','1','1','1','1','LIKE','input','',2,'admin','2025-05-24 00:03:58','','2025-05-24 15:54:30'),(24,6,'password','密码','varchar(100)','String','password','0','0','1','1','1','1','0','EQ','input','',3,'admin','2025-05-24 00:03:58','','2025-05-24 15:54:30'),(25,6,'email','邮箱','varchar(100)','String','email','0','0','0','1','1','1','1','LIKE','input','',4,'admin','2025-05-24 00:03:58','','2025-05-24 15:54:30'),(26,6,'phone','手机','varchar(20)','String','phone','0','0','0','1','1','1','1','LIKE','input','',5,'admin','2025-05-24 00:03:58','','2025-05-24 15:54:30'),(27,6,'gender','性别','tinyint','Long','gender','0','0','0','1','1','1','1','EQ','select','sex',6,'admin','2025-05-24 00:03:58','','2025-05-24 15:54:30'),(28,6,'user_type','vip','tinyint','Long','userType','0','0','1','1','1','1','1','EQ','select','is_vip',7,'admin','2025-05-24 00:03:58','','2025-05-24 15:54:30'),(29,7,'id','id','bigint','Long','id','1','1','0','1',NULL,NULL,NULL,'EQ','input','',1,'admin','2025-05-24 00:04:05','','2025-05-24 22:00:53'),(30,7,'name','主演名字','varchar(100)','String','name','0','0','1','1','1','1','1','LIKE','input','',2,'admin','2025-05-24 00:04:05','','2025-05-24 22:00:54'),(31,8,'id','id','bigint','Long','id','1','1','0','1',NULL,NULL,NULL,'EQ','input','',1,'admin','2025-05-24 00:04:05','','2025-05-24 22:01:01'),(32,8,'name','导演名字','varchar(100)','String','name','0','0','1','1','1','1','1','LIKE','input','',2,'admin','2025-05-24 00:04:05','','2025-05-24 22:01:01'),(33,4,'areaname','地区名','varchar(100)','String','areaname','0','0','1','1','1','1','1','LIKE','input','',2,'','2025-05-24 14:46:28','','2025-05-24 14:46:40'),(34,4,'novienum','地区电影数','int','Long','novienum','0','0','0','1','1','1','1','EQ','input','',3,'','2025-05-24 14:46:28','','2025-05-24 14:46:40'),(35,3,'coverurl','封面url','varchar(255)','String','coverurl','0','0','0','1','1','1','1','EQ','input','',13,'','2025-05-24 16:00:47','','2025-05-29 16:43:59'),(36,7,'photourl','主演照片url','varchar(255)','String','photourl','0','0','0','1','1','1','0','EQ','input','',3,'','2025-05-24 20:17:44','','2025-05-24 22:00:54'),(37,8,'photourl','导演照片','varchar(255)','String','photourl','0','0','0','1','1','1','0','EQ','input','',3,'','2025-05-24 20:17:47','','2025-05-24 22:01:01'),(38,7,'resume','简介','varchar(255)','String','resume','0','0','0','1','1','1','0','EQ','input','',4,'','2025-05-24 22:00:32','','2025-05-24 22:00:54'),(39,8,'resume','简介','varchar(255)','String','resume','0','0','0','1','1','1','0','EQ','input','',4,'','2025-05-24 22:00:34','','2025-05-24 22:01:01'),(40,3,'release_date','上市时间','int','Long','releaseDate','0','0','0','1','1','1','1','EQ','input','',3,'','2025-05-29 16:43:59','',NULL),(41,3,'movieurl','资源地址','varchar(255)','String','movieurl','0','0','0','1','1','1','1','EQ','input','',14,'','2025-05-29 16:43:59','',NULL);
/*!40000 ALTER TABLE `gen_table_column` ENABLE KEYS */;
UNLOCK TABLES;

--
-- Table structure for table `genres`
--

DROP TABLE IF EXISTS `genres`;
/*!40101 SET @saved_cs_client     = @@character_set_client */;
/*!50503 SET character_set_client = utf8mb4 */;
CREATE TABLE `genres` (
  `id` bigint NOT NULL AUTO_INCREMENT,
  `type` varchar(100) CHARACTER SET utf8mb3 COLLATE utf8mb3_general_ci NOT NULL COMMENT '电影类别',
  `nums` int DEFAULT '0' COMMENT '类别数量',
  PRIMARY KEY (`id`)
) ENGINE=InnoDB AUTO_INCREMENT=7 DEFAULT CHARSET=utf8mb3;
/*!40101 SET character_set_client = @saved_cs_client */;

--
-- Dumping data for table `genres`
--

LOCK TABLES `genres` WRITE;
/*!40000 ALTER TABLE `genres` DISABLE KEYS */;
INSERT INTO `genres` VALUES (1,'动作',200),(2,'喜剧',100),(3,'爱情',50),(4,'科幻',80),(5,'恐怖',70);
/*!40000 ALTER TABLE `genres` ENABLE KEYS */;
UNLOCK TABLES;

--
-- Table structure for table `movie_actor`
--

DROP TABLE IF EXISTS `movie_actor`;
/*!40101 SET @saved_cs_client     = @@character_set_client */;
/*!50503 SET character_set_client = utf8mb4 */;
CREATE TABLE `movie_actor` (
  `movie_id` bigint NOT NULL,
  `actor_id` bigint NOT NULL,
  PRIMARY KEY (`movie_id`,`actor_id`),
  KEY `idx_actor_id` (`actor_id`),
  KEY `idx_movie_id_actor` (`movie_id`),
  CONSTRAINT `movie_actor_ibfk_1` FOREIGN KEY (`movie_id`) REFERENCES `movies` (`id`),
  CONSTRAINT `movie_actor_ibfk_2` FOREIGN KEY (`actor_id`) REFERENCES `actors` (`id`)
) ENGINE=InnoDB DEFAULT CHARSET=utf8mb3;
/*!40101 SET character_set_client = @saved_cs_client */;

--
-- Dumping data for table `movie_actor`
--

LOCK TABLES `movie_actor` WRITE;
/*!40000 ALTER TABLE `movie_actor` DISABLE KEYS */;
INSERT INTO `movie_actor` VALUES (5,2),(6,2),(8,2),(12,2),(19,2),(5,3),(7,3),(12,3);
/*!40000 ALTER TABLE `movie_actor` ENABLE KEYS */;
UNLOCK TABLES;

--
-- Table structure for table `movie_director`
--

DROP TABLE IF EXISTS `movie_director`;
/*!40101 SET @saved_cs_client     = @@character_set_client */;
/*!50503 SET character_set_client = utf8mb4 */;
CREATE TABLE `movie_director` (
  `movie_id` bigint NOT NULL,
  `director_id` bigint NOT NULL,
  PRIMARY KEY (`movie_id`,`director_id`),
  KEY `idx_director_id` (`director_id`),
  KEY `idx_movie_id_director` (`movie_id`),
  CONSTRAINT `movie_director_ibfk_1` FOREIGN KEY (`movie_id`) REFERENCES `movies` (`id`),
  CONSTRAINT `movie_director_ibfk_2` FOREIGN KEY (`director_id`) REFERENCES `directors` (`id`)
) ENGINE=InnoDB DEFAULT CHARSET=utf8mb3;
/*!40101 SET character_set_client = @saved_cs_client */;

--
-- Dumping data for table `movie_director`
--

LOCK TABLES `movie_director` WRITE;
/*!40000 ALTER TABLE `movie_director` DISABLE KEYS */;
INSERT INTO `movie_director` VALUES (5,2),(6,2),(8,2),(12,2),(5,3),(19,3),(6,4),(13,4);
/*!40000 ALTER TABLE `movie_director` ENABLE KEYS */;
UNLOCK TABLES;

--
-- Table structure for table `movies`
--

DROP TABLE IF EXISTS `movies`;
/*!40101 SET @saved_cs_client     = @@character_set_client */;
/*!50503 SET character_set_client = utf8mb4 */;
CREATE TABLE `movies` (
  `id` bigint NOT NULL AUTO_INCREMENT COMMENT 'id',
  `name` varchar(200) CHARACTER SET utf8mb3 COLLATE utf8mb3_general_ci NOT NULL COMMENT '电影名字',
  `release_date` int DEFAULT NULL COMMENT '上市时间',
  `area_id` bigint DEFAULT NULL COMMENT '电影地区',
  `genre_id` bigint DEFAULT NULL COMMENT '电影类型',
  `count` bigint DEFAULT '0' COMMENT '观看次数',
  `weekcount` bigint DEFAULT NULL COMMENT '本周观看次数',
  `monthcount` bigint DEFAULT NULL COMMENT '月观看次数',
  `see` tinyint(1) DEFAULT '0' COMMENT '是否需要vip（0否1是）',
  `description` text CHARACTER SET utf8mb3 COLLATE utf8mb3_general_ci COMMENT '电影描述',
  `score_total` double DEFAULT '0' COMMENT '评分',
  `score_count` int DEFAULT '0' COMMENT '评分人数',
  `coverurl` varchar(255) DEFAULT NULL COMMENT '封面url',
  `movieurl` varchar(255) DEFAULT NULL COMMENT '资源地址',
  PRIMARY KEY (`id`),
  KEY `area_id` (`area_id`),
  KEY `genre_id` (`genre_id`),
  CONSTRAINT `movies_ibfk_1` FOREIGN KEY (`area_id`) REFERENCES `areas` (`id`),
  CONSTRAINT `movies_ibfk_2` FOREIGN KEY (`genre_id`) REFERENCES `genres` (`id`)
) ENGINE=InnoDB AUTO_INCREMENT=21 DEFAULT CHARSET=utf8mb3;
/*!40101 SET character_set_client = @saved_cs_client */;

--
-- Dumping data for table `movies`
--

LOCK TABLES `movies` WRITE;
/*!40000 ALTER TABLE `movies` DISABLE KEYS */;
INSERT INTO `movies` VALUES (5,'312',2025,4,1,312,312312,312,0,'42哇哇哇哇哇哇哇哇哇哇哇哇哇哇哇哇哇哇哇哇哇哇哇哇哇哇哇哇哇哇哇哇哇哇哇哇哇哇',1,1,'2','33371111111111111111'),(6,'53',2023,3,2,53,53,312,0,NULL,0,0,NULL,NULL),(7,'哥哥',NULL,1,2,32,321,321,0,'321',312,321,'321',NULL),(8,'332',NULL,1,2,2,2,2,1,'2',2,2,'2','999'),(12,'432',2024,2,1,423,423,423,0,NULL,0,0,NULL,'888'),(13,'321',NULL,NULL,NULL,0,1,1,0,NULL,0,0,NULL,NULL),(14,'321',NULL,NULL,2,0,2,1,0,NULL,0,0,NULL,NULL),(15,'555',NULL,NULL,1,0,3,1,0,NULL,0,0,NULL,NULL),(16,'321',NULL,NULL,3,0,4,1,0,NULL,0,0,NULL,'16'),(17,'g',NULL,1,NULL,0,1,1,0,NULL,0,0,NULL,NULL),(19,'换页',2024,2,1,0,2,1,0,NULL,0,0,NULL,NULL);
/*!40000 ALTER TABLE `movies` ENABLE KEYS */;
UNLOCK TABLES;

--
-- Table structure for table `qrtz_blob_triggers`
--

DROP TABLE IF EXISTS `qrtz_blob_triggers`;
/*!40101 SET @saved_cs_client     = @@character_set_client */;
/*!50503 SET character_set_client = utf8mb4 */;
CREATE TABLE `qrtz_blob_triggers` (
  `sched_name` varchar(120) NOT NULL COMMENT '调度名称',
  `trigger_name` varchar(200) NOT NULL COMMENT 'qrtz_triggers表trigger_name的外键',
  `trigger_group` varchar(200) NOT NULL COMMENT 'qrtz_triggers表trigger_group的外键',
  `blob_data` blob COMMENT '存放持久化Trigger对象',
  PRIMARY KEY (`sched_name`,`trigger_name`,`trigger_group`),
  CONSTRAINT `qrtz_blob_triggers_ibfk_1` FOREIGN KEY (`sched_name`, `trigger_name`, `trigger_group`) REFERENCES `qrtz_triggers` (`sched_name`, `trigger_name`, `trigger_group`)
) ENGINE=InnoDB DEFAULT CHARSET=utf8mb3 COMMENT='Blob类型的触发器表';
/*!40101 SET character_set_client = @saved_cs_client */;

--
-- Dumping data for table `qrtz_blob_triggers`
--

LOCK TABLES `qrtz_blob_triggers` WRITE;
/*!40000 ALTER TABLE `qrtz_blob_triggers` DISABLE KEYS */;
/*!40000 ALTER TABLE `qrtz_blob_triggers` ENABLE KEYS */;
UNLOCK TABLES;

--
-- Table structure for table `qrtz_calendars`
--

DROP TABLE IF EXISTS `qrtz_calendars`;
/*!40101 SET @saved_cs_client     = @@character_set_client */;
/*!50503 SET character_set_client = utf8mb4 */;
CREATE TABLE `qrtz_calendars` (
  `sched_name` varchar(120) NOT NULL COMMENT '调度名称',
  `calendar_name` varchar(200) NOT NULL COMMENT '日历名称',
  `calendar` blob NOT NULL COMMENT '存放持久化calendar对象',
  PRIMARY KEY (`sched_name`,`calendar_name`)
) ENGINE=InnoDB DEFAULT CHARSET=utf8mb3 COMMENT='日历信息表';
/*!40101 SET character_set_client = @saved_cs_client */;

--
-- Dumping data for table `qrtz_calendars`
--

LOCK TABLES `qrtz_calendars` WRITE;
/*!40000 ALTER TABLE `qrtz_calendars` DISABLE KEYS */;
/*!40000 ALTER TABLE `qrtz_calendars` ENABLE KEYS */;
UNLOCK TABLES;

--
-- Table structure for table `qrtz_cron_triggers`
--

DROP TABLE IF EXISTS `qrtz_cron_triggers`;
/*!40101 SET @saved_cs_client     = @@character_set_client */;
/*!50503 SET character_set_client = utf8mb4 */;
CREATE TABLE `qrtz_cron_triggers` (
  `sched_name` varchar(120) NOT NULL COMMENT '调度名称',
  `trigger_name` varchar(200) NOT NULL COMMENT 'qrtz_triggers表trigger_name的外键',
  `trigger_group` varchar(200) NOT NULL COMMENT 'qrtz_triggers表trigger_group的外键',
  `cron_expression` varchar(200) NOT NULL COMMENT 'cron表达式',
  `time_zone_id` varchar(80) DEFAULT NULL COMMENT '时区',
  PRIMARY KEY (`sched_name`,`trigger_name`,`trigger_group`),
  CONSTRAINT `qrtz_cron_triggers_ibfk_1` FOREIGN KEY (`sched_name`, `trigger_name`, `trigger_group`) REFERENCES `qrtz_triggers` (`sched_name`, `trigger_name`, `trigger_group`)
) ENGINE=InnoDB DEFAULT CHARSET=utf8mb3 COMMENT='Cron类型的触发器表';
/*!40101 SET character_set_client = @saved_cs_client */;

--
-- Dumping data for table `qrtz_cron_triggers`
--

LOCK TABLES `qrtz_cron_triggers` WRITE;
/*!40000 ALTER TABLE `qrtz_cron_triggers` DISABLE KEYS */;
/*!40000 ALTER TABLE `qrtz_cron_triggers` ENABLE KEYS */;
UNLOCK TABLES;

--
-- Table structure for table `qrtz_fired_triggers`
--

DROP TABLE IF EXISTS `qrtz_fired_triggers`;
/*!40101 SET @saved_cs_client     = @@character_set_client */;
/*!50503 SET character_set_client = utf8mb4 */;
CREATE TABLE `qrtz_fired_triggers` (
  `sched_name` varchar(120) NOT NULL COMMENT '调度名称',
  `entry_id` varchar(95) NOT NULL COMMENT '调度器实例id',
  `trigger_name` varchar(200) NOT NULL COMMENT 'qrtz_triggers表trigger_name的外键',
  `trigger_group` varchar(200) NOT NULL COMMENT 'qrtz_triggers表trigger_group的外键',
  `instance_name` varchar(200) NOT NULL COMMENT '调度器实例名',
  `fired_time` bigint NOT NULL COMMENT '触发的时间',
  `sched_time` bigint NOT NULL COMMENT '定时器制定的时间',
  `priority` int NOT NULL COMMENT '优先级',
  `state` varchar(16) NOT NULL COMMENT '状态',
  `job_name` varchar(200) DEFAULT NULL COMMENT '任务名称',
  `job_group` varchar(200) DEFAULT NULL COMMENT '任务组名',
  `is_nonconcurrent` varchar(1) DEFAULT NULL COMMENT '是否并发',
  `requests_recovery` varchar(1) DEFAULT NULL COMMENT '是否接受恢复执行',
  PRIMARY KEY (`sched_name`,`entry_id`)
) ENGINE=InnoDB DEFAULT CHARSET=utf8mb3 COMMENT='已触发的触发器表';
/*!40101 SET character_set_client = @saved_cs_client */;

--
-- Dumping data for table `qrtz_fired_triggers`
--

LOCK TABLES `qrtz_fired_triggers` WRITE;
/*!40000 ALTER TABLE `qrtz_fired_triggers` DISABLE KEYS */;
/*!40000 ALTER TABLE `qrtz_fired_triggers` ENABLE KEYS */;
UNLOCK TABLES;

--
-- Table structure for table `qrtz_job_details`
--

DROP TABLE IF EXISTS `qrtz_job_details`;
/*!40101 SET @saved_cs_client     = @@character_set_client */;
/*!50503 SET character_set_client = utf8mb4 */;
CREATE TABLE `qrtz_job_details` (
  `sched_name` varchar(120) NOT NULL COMMENT '调度名称',
  `job_name` varchar(200) NOT NULL COMMENT '任务名称',
  `job_group` varchar(200) NOT NULL COMMENT '任务组名',
  `description` varchar(250) DEFAULT NULL COMMENT '相关介绍',
  `job_class_name` varchar(250) NOT NULL COMMENT '执行任务类名称',
  `is_durable` varchar(1) NOT NULL COMMENT '是否持久化',
  `is_nonconcurrent` varchar(1) NOT NULL COMMENT '是否并发',
  `is_update_data` varchar(1) NOT NULL COMMENT '是否更新数据',
  `requests_recovery` varchar(1) NOT NULL COMMENT '是否接受恢复执行',
  `job_data` blob COMMENT '存放持久化job对象',
  PRIMARY KEY (`sched_name`,`job_name`,`job_group`)
) ENGINE=InnoDB DEFAULT CHARSET=utf8mb3 COMMENT='任务详细信息表';
/*!40101 SET character_set_client = @saved_cs_client */;

--
-- Dumping data for table `qrtz_job_details`
--

LOCK TABLES `qrtz_job_details` WRITE;
/*!40000 ALTER TABLE `qrtz_job_details` DISABLE KEYS */;
/*!40000 ALTER TABLE `qrtz_job_details` ENABLE KEYS */;
UNLOCK TABLES;

--
-- Table structure for table `qrtz_locks`
--

DROP TABLE IF EXISTS `qrtz_locks`;
/*!40101 SET @saved_cs_client     = @@character_set_client */;
/*!50503 SET character_set_client = utf8mb4 */;
CREATE TABLE `qrtz_locks` (
  `sched_name` varchar(120) NOT NULL COMMENT '调度名称',
  `lock_name` varchar(40) NOT NULL COMMENT '悲观锁名称',
  PRIMARY KEY (`sched_name`,`lock_name`)
) ENGINE=InnoDB DEFAULT CHARSET=utf8mb3 COMMENT='存储的悲观锁信息表';
/*!40101 SET character_set_client = @saved_cs_client */;

--
-- Dumping data for table `qrtz_locks`
--

LOCK TABLES `qrtz_locks` WRITE;
/*!40000 ALTER TABLE `qrtz_locks` DISABLE KEYS */;
/*!40000 ALTER TABLE `qrtz_locks` ENABLE KEYS */;
UNLOCK TABLES;

--
-- Table structure for table `qrtz_paused_trigger_grps`
--

DROP TABLE IF EXISTS `qrtz_paused_trigger_grps`;
/*!40101 SET @saved_cs_client     = @@character_set_client */;
/*!50503 SET character_set_client = utf8mb4 */;
CREATE TABLE `qrtz_paused_trigger_grps` (
  `sched_name` varchar(120) NOT NULL COMMENT '调度名称',
  `trigger_group` varchar(200) NOT NULL COMMENT 'qrtz_triggers表trigger_group的外键',
  PRIMARY KEY (`sched_name`,`trigger_group`)
) ENGINE=InnoDB DEFAULT CHARSET=utf8mb3 COMMENT='暂停的触发器表';
/*!40101 SET character_set_client = @saved_cs_client */;

--
-- Dumping data for table `qrtz_paused_trigger_grps`
--

LOCK TABLES `qrtz_paused_trigger_grps` WRITE;
/*!40000 ALTER TABLE `qrtz_paused_trigger_grps` DISABLE KEYS */;
/*!40000 ALTER TABLE `qrtz_paused_trigger_grps` ENABLE KEYS */;
UNLOCK TABLES;

--
-- Table structure for table `qrtz_scheduler_state`
--

DROP TABLE IF EXISTS `qrtz_scheduler_state`;
/*!40101 SET @saved_cs_client     = @@character_set_client */;
/*!50503 SET character_set_client = utf8mb4 */;
CREATE TABLE `qrtz_scheduler_state` (
  `sched_name` varchar(120) NOT NULL COMMENT '调度名称',
  `instance_name` varchar(200) NOT NULL COMMENT '实例名称',
  `last_checkin_time` bigint NOT NULL COMMENT '上次检查时间',
  `checkin_interval` bigint NOT NULL COMMENT '检查间隔时间',
  PRIMARY KEY (`sched_name`,`instance_name`)
) ENGINE=InnoDB DEFAULT CHARSET=utf8mb3 COMMENT='调度器状态表';
/*!40101 SET character_set_client = @saved_cs_client */;

--
-- Dumping data for table `qrtz_scheduler_state`
--

LOCK TABLES `qrtz_scheduler_state` WRITE;
/*!40000 ALTER TABLE `qrtz_scheduler_state` DISABLE KEYS */;
/*!40000 ALTER TABLE `qrtz_scheduler_state` ENABLE KEYS */;
UNLOCK TABLES;

--
-- Table structure for table `qrtz_simple_triggers`
--

DROP TABLE IF EXISTS `qrtz_simple_triggers`;
/*!40101 SET @saved_cs_client     = @@character_set_client */;
/*!50503 SET character_set_client = utf8mb4 */;
CREATE TABLE `qrtz_simple_triggers` (
  `sched_name` varchar(120) NOT NULL COMMENT '调度名称',
  `trigger_name` varchar(200) NOT NULL COMMENT 'qrtz_triggers表trigger_name的外键',
  `trigger_group` varchar(200) NOT NULL COMMENT 'qrtz_triggers表trigger_group的外键',
  `repeat_count` bigint NOT NULL COMMENT '重复的次数统计',
  `repeat_interval` bigint NOT NULL COMMENT '重复的间隔时间',
  `times_triggered` bigint NOT NULL COMMENT '已经触发的次数',
  PRIMARY KEY (`sched_name`,`trigger_name`,`trigger_group`),
  CONSTRAINT `qrtz_simple_triggers_ibfk_1` FOREIGN KEY (`sched_name`, `trigger_name`, `trigger_group`) REFERENCES `qrtz_triggers` (`sched_name`, `trigger_name`, `trigger_group`)
) ENGINE=InnoDB DEFAULT CHARSET=utf8mb3 COMMENT='简单触发器的信息表';
/*!40101 SET character_set_client = @saved_cs_client */;

--
-- Dumping data for table `qrtz_simple_triggers`
--

LOCK TABLES `qrtz_simple_triggers` WRITE;
/*!40000 ALTER TABLE `qrtz_simple_triggers` DISABLE KEYS */;
/*!40000 ALTER TABLE `qrtz_simple_triggers` ENABLE KEYS */;
UNLOCK TABLES;

--
-- Table structure for table `qrtz_simprop_triggers`
--

DROP TABLE IF EXISTS `qrtz_simprop_triggers`;
/*!40101 SET @saved_cs_client     = @@character_set_client */;
/*!50503 SET character_set_client = utf8mb4 */;
CREATE TABLE `qrtz_simprop_triggers` (
  `sched_name` varchar(120) NOT NULL COMMENT '调度名称',
  `trigger_name` varchar(200) NOT NULL COMMENT 'qrtz_triggers表trigger_name的外键',
  `trigger_group` varchar(200) NOT NULL COMMENT 'qrtz_triggers表trigger_group的外键',
  `str_prop_1` varchar(512) DEFAULT NULL COMMENT 'String类型的trigger的第一个参数',
  `str_prop_2` varchar(512) DEFAULT NULL COMMENT 'String类型的trigger的第二个参数',
  `str_prop_3` varchar(512) DEFAULT NULL COMMENT 'String类型的trigger的第三个参数',
  `int_prop_1` int DEFAULT NULL COMMENT 'int类型的trigger的第一个参数',
  `int_prop_2` int DEFAULT NULL COMMENT 'int类型的trigger的第二个参数',
  `long_prop_1` bigint DEFAULT NULL COMMENT 'long类型的trigger的第一个参数',
  `long_prop_2` bigint DEFAULT NULL COMMENT 'long类型的trigger的第二个参数',
  `dec_prop_1` decimal(13,4) DEFAULT NULL COMMENT 'decimal类型的trigger的第一个参数',
  `dec_prop_2` decimal(13,4) DEFAULT NULL COMMENT 'decimal类型的trigger的第二个参数',
  `bool_prop_1` varchar(1) DEFAULT NULL COMMENT 'Boolean类型的trigger的第一个参数',
  `bool_prop_2` varchar(1) DEFAULT NULL COMMENT 'Boolean类型的trigger的第二个参数',
  PRIMARY KEY (`sched_name`,`trigger_name`,`trigger_group`),
  CONSTRAINT `qrtz_simprop_triggers_ibfk_1` FOREIGN KEY (`sched_name`, `trigger_name`, `trigger_group`) REFERENCES `qrtz_triggers` (`sched_name`, `trigger_name`, `trigger_group`)
) ENGINE=InnoDB DEFAULT CHARSET=utf8mb3 COMMENT='同步机制的行锁表';
/*!40101 SET character_set_client = @saved_cs_client */;

--
-- Dumping data for table `qrtz_simprop_triggers`
--

LOCK TABLES `qrtz_simprop_triggers` WRITE;
/*!40000 ALTER TABLE `qrtz_simprop_triggers` DISABLE KEYS */;
/*!40000 ALTER TABLE `qrtz_simprop_triggers` ENABLE KEYS */;
UNLOCK TABLES;

--
-- Table structure for table `qrtz_triggers`
--

DROP TABLE IF EXISTS `qrtz_triggers`;
/*!40101 SET @saved_cs_client     = @@character_set_client */;
/*!50503 SET character_set_client = utf8mb4 */;
CREATE TABLE `qrtz_triggers` (
  `sched_name` varchar(120) NOT NULL COMMENT '调度名称',
  `trigger_name` varchar(200) NOT NULL COMMENT '触发器的名字',
  `trigger_group` varchar(200) NOT NULL COMMENT '触发器所属组的名字',
  `job_name` varchar(200) NOT NULL COMMENT 'qrtz_job_details表job_name的外键',
  `job_group` varchar(200) NOT NULL COMMENT 'qrtz_job_details表job_group的外键',
  `description` varchar(250) DEFAULT NULL COMMENT '相关介绍',
  `next_fire_time` bigint DEFAULT NULL COMMENT '上一次触发时间（毫秒）',
  `prev_fire_time` bigint DEFAULT NULL COMMENT '下一次触发时间（默认为-1表示不触发）',
  `priority` int DEFAULT NULL COMMENT '优先级',
  `trigger_state` varchar(16) NOT NULL COMMENT '触发器状态',
  `trigger_type` varchar(8) NOT NULL COMMENT '触发器的类型',
  `start_time` bigint NOT NULL COMMENT '开始时间',
  `end_time` bigint DEFAULT NULL COMMENT '结束时间',
  `calendar_name` varchar(200) DEFAULT NULL COMMENT '日程表名称',
  `misfire_instr` smallint DEFAULT NULL COMMENT '补偿执行的策略',
  `job_data` blob COMMENT '存放持久化job对象',
  PRIMARY KEY (`sched_name`,`trigger_name`,`trigger_group`),
  KEY `sched_name` (`sched_name`,`job_name`,`job_group`),
  CONSTRAINT `qrtz_triggers_ibfk_1` FOREIGN KEY (`sched_name`, `job_name`, `job_group`) REFERENCES `qrtz_job_details` (`sched_name`, `job_name`, `job_group`)
) ENGINE=InnoDB DEFAULT CHARSET=utf8mb3 COMMENT='触发器详细信息表';
/*!40101 SET character_set_client = @saved_cs_client */;

--
-- Dumping data for table `qrtz_triggers`
--

LOCK TABLES `qrtz_triggers` WRITE;
/*!40000 ALTER TABLE `qrtz_triggers` DISABLE KEYS */;
/*!40000 ALTER TABLE `qrtz_triggers` ENABLE KEYS */;
UNLOCK TABLES;

--
-- Table structure for table `sys_config`
--

DROP TABLE IF EXISTS `sys_config`;
/*!40101 SET @saved_cs_client     = @@character_set_client */;
/*!50503 SET character_set_client = utf8mb4 */;
CREATE TABLE `sys_config` (
  `config_id` int NOT NULL AUTO_INCREMENT COMMENT '参数主键',
  `config_name` varchar(100) DEFAULT '' COMMENT '参数名称',
  `config_key` varchar(100) DEFAULT '' COMMENT '参数键名',
  `config_value` varchar(500) DEFAULT '' COMMENT '参数键值',
  `config_type` char(1) DEFAULT 'N' COMMENT '系统内置（Y是 N否）',
  `create_by` varchar(64) DEFAULT '' COMMENT '创建者',
  `create_time` datetime DEFAULT NULL COMMENT '创建时间',
  `update_by` varchar(64) DEFAULT '' COMMENT '更新者',
  `update_time` datetime DEFAULT NULL COMMENT '更新时间',
  `remark` varchar(500) DEFAULT NULL COMMENT '备注',
  PRIMARY KEY (`config_id`)
) ENGINE=InnoDB AUTO_INCREMENT=100 DEFAULT CHARSET=utf8mb3 COMMENT='参数配置表';
/*!40101 SET character_set_client = @saved_cs_client */;

--
-- Dumping data for table `sys_config`
--

LOCK TABLES `sys_config` WRITE;
/*!40000 ALTER TABLE `sys_config` DISABLE KEYS */;
INSERT INTO `sys_config` VALUES (1,'主框架页-默认皮肤样式名称','sys.index.skinName','skin-blue','Y','admin','2025-05-23 17:08:56','',NULL,'蓝色 skin-blue、绿色 skin-green、紫色 skin-purple、红色 skin-red、黄色 skin-yellow'),(2,'用户管理-账号初始密码','sys.user.initPassword','123456','Y','admin','2025-05-23 17:08:56','',NULL,'初始化密码 123456'),(3,'主框架页-侧边栏主题','sys.index.sideTheme','theme-dark','Y','admin','2025-05-23 17:08:56','',NULL,'深色主题theme-dark，浅色主题theme-light'),(4,'账号自助-验证码开关','sys.account.captchaEnabled','true','Y','admin','2025-05-23 17:08:56','',NULL,'是否开启验证码功能（true开启，false关闭）'),(5,'账号自助-是否开启用户注册功能','sys.account.registerUser','false','Y','admin','2025-05-23 17:08:56','',NULL,'是否开启注册用户功能（true开启，false关闭）'),(6,'用户登录-黑名单列表','sys.login.blackIPList','','Y','admin','2025-05-23 17:08:56','',NULL,'设置登录IP黑名单限制，多个匹配项以;分隔，支持匹配（*通配、网段）'),(7,'用户管理-初始密码修改策略','sys.account.initPasswordModify','1','Y','admin','2025-05-23 17:08:56','',NULL,'0：初始密码修改策略关闭，没有任何提示，1：提醒用户，如果未修改初始密码，则在登录时就会提醒修改密码对话框'),(8,'用户管理-账号密码更新周期','sys.account.passwordValidateDays','0','Y','admin','2025-05-23 17:08:56','',NULL,'密码更新周期（填写数字，数据初始化值为0不限制，若修改必须为大于0小于365的正整数），如果超过这个周期登录系统时，则在登录时就会提醒修改密码对话框');
/*!40000 ALTER TABLE `sys_config` ENABLE KEYS */;
UNLOCK TABLES;

--
-- Table structure for table `sys_dept`
--

DROP TABLE IF EXISTS `sys_dept`;
/*!40101 SET @saved_cs_client     = @@character_set_client */;
/*!50503 SET character_set_client = utf8mb4 */;
CREATE TABLE `sys_dept` (
  `dept_id` bigint NOT NULL AUTO_INCREMENT COMMENT '部门id',
  `parent_id` bigint DEFAULT '0' COMMENT '父部门id',
  `ancestors` varchar(50) DEFAULT '' COMMENT '祖级列表',
  `dept_name` varchar(30) DEFAULT '' COMMENT '部门名称',
  `order_num` int DEFAULT '0' COMMENT '显示顺序',
  `leader` varchar(20) DEFAULT NULL COMMENT '负责人',
  `phone` varchar(11) DEFAULT NULL COMMENT '联系电话',
  `email` varchar(50) DEFAULT NULL COMMENT '邮箱',
  `status` char(1) DEFAULT '0' COMMENT '部门状态（0正常 1停用）',
  `del_flag` char(1) DEFAULT '0' COMMENT '删除标志（0代表存在 2代表删除）',
  `create_by` varchar(64) DEFAULT '' COMMENT '创建者',
  `create_time` datetime DEFAULT NULL COMMENT '创建时间',
  `update_by` varchar(64) DEFAULT '' COMMENT '更新者',
  `update_time` datetime DEFAULT NULL COMMENT '更新时间',
  PRIMARY KEY (`dept_id`)
) ENGINE=InnoDB AUTO_INCREMENT=200 DEFAULT CHARSET=utf8mb3 COMMENT='部门表';
/*!40101 SET character_set_client = @saved_cs_client */;

--
-- Dumping data for table `sys_dept`
--

LOCK TABLES `sys_dept` WRITE;
/*!40000 ALTER TABLE `sys_dept` DISABLE KEYS */;
INSERT INTO `sys_dept` VALUES (100,0,'0','观影斋',0,'Movie','18888888888','movie@qq.com','0','0','admin','2025-05-23 17:08:56','',NULL),(101,100,'0,100','管理部门',1,'Movie','18888888888','movie@qq.com','0','0','admin','2025-05-23 17:08:56','',NULL),(102,100,'0,100','测试部门',2,'Movie','18888888888','movie@qq.com','0','0','admin','2025-05-23 17:08:56','',NULL);
/*!40000 ALTER TABLE `sys_dept` ENABLE KEYS */;
UNLOCK TABLES;

--
-- Table structure for table `sys_dict_data`
--

DROP TABLE IF EXISTS `sys_dict_data`;
/*!40101 SET @saved_cs_client     = @@character_set_client */;
/*!50503 SET character_set_client = utf8mb4 */;
CREATE TABLE `sys_dict_data` (
  `dict_code` bigint NOT NULL AUTO_INCREMENT COMMENT '字典编码',
  `dict_sort` int DEFAULT '0' COMMENT '字典排序',
  `dict_label` varchar(100) DEFAULT '' COMMENT '字典标签',
  `dict_value` varchar(100) DEFAULT '' COMMENT '字典键值',
  `dict_type` varchar(100) DEFAULT '' COMMENT '字典类型',
  `css_class` varchar(100) DEFAULT NULL COMMENT '样式属性（其他样式扩展）',
  `list_class` varchar(100) DEFAULT NULL COMMENT '表格回显样式',
  `is_default` char(1) DEFAULT 'N' COMMENT '是否默认（Y是 N否）',
  `status` char(1) DEFAULT '0' COMMENT '状态（0正常 1停用）',
  `create_by` varchar(64) DEFAULT '' COMMENT '创建者',
  `create_time` datetime DEFAULT NULL COMMENT '创建时间',
  `update_by` varchar(64) DEFAULT '' COMMENT '更新者',
  `update_time` datetime DEFAULT NULL COMMENT '更新时间',
  `remark` varchar(500) DEFAULT NULL COMMENT '备注',
  PRIMARY KEY (`dict_code`)
) ENGINE=InnoDB AUTO_INCREMENT=104 DEFAULT CHARSET=utf8mb3 COMMENT='字典数据表';
/*!40101 SET character_set_client = @saved_cs_client */;

--
-- Dumping data for table `sys_dict_data`
--

LOCK TABLES `sys_dict_data` WRITE;
/*!40000 ALTER TABLE `sys_dict_data` DISABLE KEYS */;
INSERT INTO `sys_dict_data` VALUES (1,1,'男','0','sys_user_sex','','','Y','0','admin','2025-05-23 17:08:56','',NULL,'性别男'),(2,2,'女','1','sys_user_sex','','','N','0','admin','2025-05-23 17:08:56','',NULL,'性别女'),(3,3,'未知','2','sys_user_sex','','','N','0','admin','2025-05-23 17:08:56','',NULL,'性别未知'),(4,1,'显示','0','sys_show_hide','','primary','Y','0','admin','2025-05-23 17:08:56','',NULL,'显示菜单'),(5,2,'隐藏','1','sys_show_hide','','danger','N','0','admin','2025-05-23 17:08:56','',NULL,'隐藏菜单'),(6,1,'正常','0','sys_normal_disable','','primary','Y','0','admin','2025-05-23 17:08:56','',NULL,'正常状态'),(7,2,'停用','1','sys_normal_disable','','danger','N','0','admin','2025-05-23 17:08:56','',NULL,'停用状态'),(8,1,'正常','0','sys_job_status','','primary','Y','0','admin','2025-05-23 17:08:56','',NULL,'正常状态'),(9,2,'暂停','1','sys_job_status','','danger','N','0','admin','2025-05-23 17:08:56','',NULL,'停用状态'),(10,1,'默认','DEFAULT','sys_job_group','','','Y','0','admin','2025-05-23 17:08:56','',NULL,'默认分组'),(11,2,'系统','SYSTEM','sys_job_group','','','N','0','admin','2025-05-23 17:08:56','',NULL,'系统分组'),(12,1,'是','Y','sys_yes_no','','primary','Y','0','admin','2025-05-23 17:08:56','',NULL,'系统默认是'),(13,2,'否','N','sys_yes_no','','danger','N','0','admin','2025-05-23 17:08:56','',NULL,'系统默认否'),(14,1,'通知','1','sys_notice_type','','warning','Y','0','admin','2025-05-23 17:08:56','',NULL,'通知'),(15,2,'公告','2','sys_notice_type','','success','N','0','admin','2025-05-23 17:08:56','',NULL,'公告'),(16,1,'正常','0','sys_notice_status','','primary','Y','0','admin','2025-05-23 17:08:56','',NULL,'正常状态'),(17,2,'关闭','1','sys_notice_status','','danger','N','0','admin','2025-05-23 17:08:56','',NULL,'关闭状态'),(18,99,'其他','0','sys_oper_type','','info','N','0','admin','2025-05-23 17:08:56','',NULL,'其他操作'),(19,1,'新增','1','sys_oper_type','','info','N','0','admin','2025-05-23 17:08:56','',NULL,'新增操作'),(20,2,'修改','2','sys_oper_type','','info','N','0','admin','2025-05-23 17:08:56','',NULL,'修改操作'),(21,3,'删除','3','sys_oper_type','','danger','N','0','admin','2025-05-23 17:08:56','',NULL,'删除操作'),(22,4,'授权','4','sys_oper_type','','primary','N','0','admin','2025-05-23 17:08:56','',NULL,'授权操作'),(23,5,'导出','5','sys_oper_type','','warning','N','0','admin','2025-05-23 17:08:56','',NULL,'导出操作'),(24,6,'导入','6','sys_oper_type','','warning','N','0','admin','2025-05-23 17:08:56','',NULL,'导入操作'),(25,7,'强退','7','sys_oper_type','','danger','N','0','admin','2025-05-23 17:08:56','',NULL,'强退操作'),(26,8,'生成代码','8','sys_oper_type','','warning','N','0','admin','2025-05-23 17:08:56','',NULL,'生成操作'),(27,9,'清空数据','9','sys_oper_type','','danger','N','0','admin','2025-05-23 17:08:56','',NULL,'清空操作'),(28,1,'成功','0','sys_common_status','','primary','N','0','admin','2025-05-23 17:08:56','',NULL,'正常状态'),(29,2,'失败','1','sys_common_status','','danger','N','0','admin','2025-05-23 17:08:56','',NULL,'停用状态'),(100,1,'否','0','is_vip','','default','N','0','admin','2025-05-24 15:46:16','admin','2025-05-24 15:46:57',NULL),(101,2,'是','1','is_vip',NULL,'default','N','0','admin','2025-05-24 15:47:08','',NULL,NULL),(102,1,'男','0','sex',NULL,'default','N','0','admin','2025-05-24 15:53:31','',NULL,NULL),(103,2,'女','1','sex',NULL,'default','N','0','admin','2025-05-24 15:53:38','',NULL,NULL);
/*!40000 ALTER TABLE `sys_dict_data` ENABLE KEYS */;
UNLOCK TABLES;

--
-- Table structure for table `sys_dict_type`
--

DROP TABLE IF EXISTS `sys_dict_type`;
/*!40101 SET @saved_cs_client     = @@character_set_client */;
/*!50503 SET character_set_client = utf8mb4 */;
CREATE TABLE `sys_dict_type` (
  `dict_id` bigint NOT NULL AUTO_INCREMENT COMMENT '字典主键',
  `dict_name` varchar(100) DEFAULT '' COMMENT '字典名称',
  `dict_type` varchar(100) DEFAULT '' COMMENT '字典类型',
  `status` char(1) DEFAULT '0' COMMENT '状态（0正常 1停用）',
  `create_by` varchar(64) DEFAULT '' COMMENT '创建者',
  `create_time` datetime DEFAULT NULL COMMENT '创建时间',
  `update_by` varchar(64) DEFAULT '' COMMENT '更新者',
  `update_time` datetime DEFAULT NULL COMMENT '更新时间',
  `remark` varchar(500) DEFAULT NULL COMMENT '备注',
  PRIMARY KEY (`dict_id`),
  UNIQUE KEY `dict_type` (`dict_type`)
) ENGINE=InnoDB AUTO_INCREMENT=102 DEFAULT CHARSET=utf8mb3 COMMENT='字典类型表';
/*!40101 SET character_set_client = @saved_cs_client */;

--
-- Dumping data for table `sys_dict_type`
--

LOCK TABLES `sys_dict_type` WRITE;
/*!40000 ALTER TABLE `sys_dict_type` DISABLE KEYS */;
INSERT INTO `sys_dict_type` VALUES (1,'用户性别','sys_user_sex','0','admin','2025-05-23 17:08:56','',NULL,'用户性别列表'),(2,'菜单状态','sys_show_hide','0','admin','2025-05-23 17:08:56','',NULL,'菜单状态列表'),(3,'系统开关','sys_normal_disable','0','admin','2025-05-23 17:08:56','',NULL,'系统开关列表'),(4,'任务状态','sys_job_status','0','admin','2025-05-23 17:08:56','',NULL,'任务状态列表'),(5,'任务分组','sys_job_group','0','admin','2025-05-23 17:08:56','',NULL,'任务分组列表'),(6,'系统是否','sys_yes_no','0','admin','2025-05-23 17:08:56','',NULL,'系统是否列表'),(7,'通知类型','sys_notice_type','0','admin','2025-05-23 17:08:56','',NULL,'通知类型列表'),(8,'通知状态','sys_notice_status','0','admin','2025-05-23 17:08:56','',NULL,'通知状态列表'),(9,'操作类型','sys_oper_type','0','admin','2025-05-23 17:08:56','',NULL,'操作类型列表'),(10,'系统状态','sys_common_status','0','admin','2025-05-23 17:08:56','',NULL,'登录状态列表'),(100,'vip状态','is_vip','0','admin','2025-05-24 15:45:28','admin','2025-05-24 15:48:09','是否是vip（0否1是'),(101,'用户性别(自己','sex','0','admin','2025-05-24 15:53:09','',NULL,NULL);
/*!40000 ALTER TABLE `sys_dict_type` ENABLE KEYS */;
UNLOCK TABLES;

--
-- Table structure for table `sys_job`
--

DROP TABLE IF EXISTS `sys_job`;
/*!40101 SET @saved_cs_client     = @@character_set_client */;
/*!50503 SET character_set_client = utf8mb4 */;
CREATE TABLE `sys_job` (
  `job_id` bigint NOT NULL AUTO_INCREMENT COMMENT '任务ID',
  `job_name` varchar(64) NOT NULL DEFAULT '' COMMENT '任务名称',
  `job_group` varchar(64) NOT NULL DEFAULT 'DEFAULT' COMMENT '任务组名',
  `invoke_target` varchar(500) NOT NULL COMMENT '调用目标字符串',
  `cron_expression` varchar(255) DEFAULT '' COMMENT 'cron执行表达式',
  `misfire_policy` varchar(20) DEFAULT '3' COMMENT '计划执行错误策略（1立即执行 2执行一次 3放弃执行）',
  `concurrent` char(1) DEFAULT '1' COMMENT '是否并发执行（0允许 1禁止）',
  `status` char(1) DEFAULT '0' COMMENT '状态（0正常 1暂停）',
  `create_by` varchar(64) DEFAULT '' COMMENT '创建者',
  `create_time` datetime DEFAULT NULL COMMENT '创建时间',
  `update_by` varchar(64) DEFAULT '' COMMENT '更新者',
  `update_time` datetime DEFAULT NULL COMMENT '更新时间',
  `remark` varchar(500) DEFAULT '' COMMENT '备注信息',
  PRIMARY KEY (`job_id`,`job_name`,`job_group`)
) ENGINE=InnoDB AUTO_INCREMENT=102 DEFAULT CHARSET=utf8mb3 COMMENT='定时任务调度表';
/*!40101 SET character_set_client = @saved_cs_client */;

--
-- Dumping data for table `sys_job`
--

LOCK TABLES `sys_job` WRITE;
/*!40000 ALTER TABLE `sys_job` DISABLE KEYS */;
INSERT INTO `sys_job` VALUES (1,'系统默认（无参）','DEFAULT','ryTask.ryNoParams','0/10 * * * * ?','3','1','1','admin','2025-05-23 17:08:56','',NULL,''),(2,'系统默认（有参）','DEFAULT','ryTask.ryParams(\'ry\')','0/15 * * * * ?','3','1','1','admin','2025-05-23 17:08:56','',NULL,''),(3,'系统默认（多参）','DEFAULT','ryTask.ryMultipleParams(\'ry\', true, 2000L, 316.50D, 100)','0/20 * * * * ?','3','1','1','admin','2025-05-23 17:08:56','',NULL,''),(100,'周观看数清零','DEFAULT','movieTask.resetWeekCount','0 0 0 ? * 1','1','1','1','admin','2025-05-26 16:52:05','admin','2025-05-26 16:53:43',''),(101,'月观看数清零','DEFAULT','movieTask.resetMonthCount','0 0 0 1 * ?','1','1','1','admin','2025-05-26 16:54:58','',NULL,'');
/*!40000 ALTER TABLE `sys_job` ENABLE KEYS */;
UNLOCK TABLES;

--
-- Table structure for table `sys_job_log`
--

DROP TABLE IF EXISTS `sys_job_log`;
/*!40101 SET @saved_cs_client     = @@character_set_client */;
/*!50503 SET character_set_client = utf8mb4 */;
CREATE TABLE `sys_job_log` (
  `job_log_id` bigint NOT NULL AUTO_INCREMENT COMMENT '任务日志ID',
  `job_name` varchar(64) NOT NULL COMMENT '任务名称',
  `job_group` varchar(64) NOT NULL COMMENT '任务组名',
  `invoke_target` varchar(500) NOT NULL COMMENT '调用目标字符串',
  `job_message` varchar(500) DEFAULT NULL COMMENT '日志信息',
  `status` char(1) DEFAULT '0' COMMENT '执行状态（0正常 1失败）',
  `exception_info` varchar(2000) DEFAULT '' COMMENT '异常信息',
  `create_time` datetime DEFAULT NULL COMMENT '创建时间',
  PRIMARY KEY (`job_log_id`)
) ENGINE=InnoDB DEFAULT CHARSET=utf8mb3 COMMENT='定时任务调度日志表';
/*!40101 SET character_set_client = @saved_cs_client */;

--
-- Dumping data for table `sys_job_log`
--

LOCK TABLES `sys_job_log` WRITE;
/*!40000 ALTER TABLE `sys_job_log` DISABLE KEYS */;
/*!40000 ALTER TABLE `sys_job_log` ENABLE KEYS */;
UNLOCK TABLES;

--
-- Table structure for table `sys_logininfor`
--

DROP TABLE IF EXISTS `sys_logininfor`;
/*!40101 SET @saved_cs_client     = @@character_set_client */;
/*!50503 SET character_set_client = utf8mb4 */;
CREATE TABLE `sys_logininfor` (
  `info_id` bigint NOT NULL AUTO_INCREMENT COMMENT '访问ID',
  `user_name` varchar(50) DEFAULT '' COMMENT '用户账号',
  `ipaddr` varchar(128) DEFAULT '' COMMENT '登录IP地址',
  `login_location` varchar(255) DEFAULT '' COMMENT '登录地点',
  `browser` varchar(50) DEFAULT '' COMMENT '浏览器类型',
  `os` varchar(50) DEFAULT '' COMMENT '操作系统',
  `status` char(1) DEFAULT '0' COMMENT '登录状态（0成功 1失败）',
  `msg` varchar(255) DEFAULT '' COMMENT '提示消息',
  `login_time` datetime DEFAULT NULL COMMENT '访问时间',
  PRIMARY KEY (`info_id`),
  KEY `idx_sys_logininfor_s` (`status`),
  KEY `idx_sys_logininfor_lt` (`login_time`)
) ENGINE=InnoDB AUTO_INCREMENT=139 DEFAULT CHARSET=utf8mb3 COMMENT='系统访问记录';
/*!40101 SET character_set_client = @saved_cs_client */;

--
-- Dumping data for table `sys_logininfor`
--

LOCK TABLES `sys_logininfor` WRITE;
/*!40000 ALTER TABLE `sys_logininfor` DISABLE KEYS */;
INSERT INTO `sys_logininfor` VALUES (100,'admin','127.0.0.1','内网IP','Chrome 13','Windows 10','1','验证码已失效','2025-05-23 17:16:25'),(101,'admin','127.0.0.1','内网IP','Chrome 13','Windows 10','0','登录成功','2025-05-23 17:16:29'),(102,'admin','127.0.0.1','内网IP','Chrome 13','Windows 10','0','退出成功','2025-05-23 17:28:23'),(103,'admin','127.0.0.1','内网IP','Chrome 13','Windows 10','1','验证码错误','2025-05-23 17:28:47'),(104,'admin','127.0.0.1','内网IP','Chrome 13','Windows 10','0','登录成功','2025-05-23 17:28:50'),(105,'admin','127.0.0.1','内网IP','Chrome 13','Windows 10','0','退出成功','2025-05-23 17:36:07'),(106,'admin','127.0.0.1','内网IP','Chrome 13','Windows 10','1','用户不存在/密码错误','2025-05-23 17:36:14'),(107,'admin','127.0.0.1','内网IP','Chrome 13','Windows 10','1','验证码错误','2025-05-23 17:36:19'),(108,'admin','127.0.0.1','内网IP','Chrome 13','Windows 10','1','验证码错误','2025-05-23 17:36:23'),(109,'admin','127.0.0.1','内网IP','Chrome 13','Windows 10','1','用户不存在/密码错误','2025-05-23 17:36:27'),(110,'admin','127.0.0.1','内网IP','Chrome 13','Windows 10','1','验证码错误','2025-05-23 17:36:34'),(111,'admin','127.0.0.1','内网IP','Chrome 13','Windows 10','1','用户不存在/密码错误','2025-05-23 17:36:37'),(112,'admin','127.0.0.1','内网IP','Chrome 13','Windows 10','0','登录成功','2025-05-23 17:36:44'),(113,'admin','127.0.0.1','内网IP','Chrome 13','Windows 10','0','退出成功','2025-05-23 17:44:32'),(114,'admin','127.0.0.1','内网IP','Chrome 13','Windows 10','1','验证码错误','2025-05-23 17:51:13'),(115,'admin','127.0.0.1','内网IP','Chrome 13','Windows 10','0','登录成功','2025-05-23 17:51:16'),(116,'admin','127.0.0.1','内网IP','Chrome 13','Windows 10','0','登录成功','2025-05-23 21:17:47'),(117,'admin','127.0.0.1','内网IP','Chrome 13','Windows 10','0','登录成功','2025-05-23 21:48:38'),(118,'admin','127.0.0.1','内网IP','Chrome 13','Windows 10','0','登录成功','2025-05-23 21:50:34'),(119,'admin','127.0.0.1','内网IP','Chrome Mobile','Android 6.x','0','登录成功','2025-05-24 01:15:48'),(120,'admin','127.0.0.1','内网IP','Chrome 13','Windows 10','0','登录成功','2025-05-24 14:26:54'),(121,'admin','127.0.0.1','内网IP','Chrome 13','Windows 10','1','验证码错误','2025-05-24 14:54:34'),(122,'admin','127.0.0.1','内网IP','Chrome 13','Windows 10','0','登录成功','2025-05-24 14:54:37'),(123,'admin','127.0.0.1','内网IP','Chrome 13','Windows 10','0','登录成功','2025-05-24 17:22:25'),(124,'admin','127.0.0.1','内网IP','Chrome 13','Windows 10','0','登录成功','2025-05-24 20:17:29'),(125,'admin','127.0.0.1','内网IP','Chrome 13','Windows 10','0','登录成功','2025-05-24 22:37:15'),(126,'admin','127.0.0.1','内网IP','Chrome 13','Windows 10','0','登录成功','2025-05-24 23:33:59'),(127,'admin','127.0.0.1','内网IP','Chrome 13','Windows 10','0','登录成功','2025-05-25 13:31:02'),(128,'admin','127.0.0.1','内网IP','Chrome 13','Windows 10','0','登录成功','2025-05-25 16:38:03'),(129,'admin','127.0.0.1','内网IP','Chrome 13','Windows 10','0','登录成功','2025-05-25 19:16:34'),(130,'admin','127.0.0.1','内网IP','Chrome 13','Windows 10','0','登录成功','2025-05-25 22:40:59'),(131,'admin','127.0.0.1','内网IP','Chrome 13','Windows 10','0','登录成功','2025-05-26 13:45:22'),(132,'admin','127.0.0.1','内网IP','Chrome 13','Windows 10','0','登录成功','2025-05-26 15:58:08'),(133,'admin','127.0.0.1','内网IP','Chrome 13','Windows 10','0','登录成功','2025-05-26 19:49:31'),(134,'admin','127.0.0.1','内网IP','Chrome 13','Windows 10','1','验证码错误','2025-05-27 22:09:36'),(135,'admin','127.0.0.1','内网IP','Chrome 13','Windows 10','0','登录成功','2025-05-27 22:09:39'),(136,'admin','127.0.0.1','内网IP','Chrome 13','Windows 10','0','登录成功','2025-05-29 14:17:14'),(137,'admin','127.0.0.1','内网IP','Chrome 13','Windows 10','0','登录成功','2025-05-29 16:43:34'),(138,'admin','127.0.0.1','内网IP','Chrome 13','Windows 10','0','登录成功','2025-05-29 22:25:31');
/*!40000 ALTER TABLE `sys_logininfor` ENABLE KEYS */;
UNLOCK TABLES;

--
-- Table structure for table `sys_menu`
--

DROP TABLE IF EXISTS `sys_menu`;
/*!40101 SET @saved_cs_client     = @@character_set_client */;
/*!50503 SET character_set_client = utf8mb4 */;
CREATE TABLE `sys_menu` (
  `menu_id` bigint NOT NULL AUTO_INCREMENT COMMENT '菜单ID',
  `menu_name` varchar(50) NOT NULL COMMENT '菜单名称',
  `parent_id` bigint DEFAULT '0' COMMENT '父菜单ID',
  `order_num` int DEFAULT '0' COMMENT '显示顺序',
  `path` varchar(200) DEFAULT '' COMMENT '路由地址',
  `component` varchar(255) DEFAULT NULL COMMENT '组件路径',
  `query` varchar(255) DEFAULT NULL COMMENT '路由参数',
  `route_name` varchar(50) DEFAULT '' COMMENT '路由名称',
  `is_frame` int DEFAULT '1' COMMENT '是否为外链（0是 1否）',
  `is_cache` int DEFAULT '0' COMMENT '是否缓存（0缓存 1不缓存）',
  `menu_type` char(1) DEFAULT '' COMMENT '菜单类型（M目录 C菜单 F按钮）',
  `visible` char(1) DEFAULT '0' COMMENT '菜单状态（0显示 1隐藏）',
  `status` char(1) DEFAULT '0' COMMENT '菜单状态（0正常 1停用）',
  `perms` varchar(100) DEFAULT NULL COMMENT '权限标识',
  `icon` varchar(100) DEFAULT '#' COMMENT '菜单图标',
  `create_by` varchar(64) DEFAULT '' COMMENT '创建者',
  `create_time` datetime DEFAULT NULL COMMENT '创建时间',
  `update_by` varchar(64) DEFAULT '' COMMENT '更新者',
  `update_time` datetime DEFAULT NULL COMMENT '更新时间',
  `remark` varchar(500) DEFAULT '' COMMENT '备注',
  PRIMARY KEY (`menu_id`)
) ENGINE=InnoDB AUTO_INCREMENT=2050 DEFAULT CHARSET=utf8mb3 COMMENT='菜单权限表';
/*!40101 SET character_set_client = @saved_cs_client */;

--
-- Dumping data for table `sys_menu`
--

LOCK TABLES `sys_menu` WRITE;
/*!40000 ALTER TABLE `sys_menu` DISABLE KEYS */;
INSERT INTO `sys_menu` VALUES (1,'系统管理',0,1,'system',NULL,'','',1,0,'M','0','0','','system','admin','2025-05-23 17:08:56','',NULL,'系统管理目录'),(2,'系统监控',0,2,'monitor',NULL,'','',1,0,'M','0','0','','monitor','admin','2025-05-23 17:08:56','',NULL,'系统监控目录'),(3,'系统工具',0,100,'tool',NULL,'','',1,0,'M','0','0','','tool','admin','2025-05-23 17:08:56','admin','2025-05-24 00:18:20','系统工具目录'),(100,'后台用户管理',1,1,'user','system/user/index','','',1,0,'C','0','0','system:user:list','user','admin','2025-05-23 17:08:56','admin','2025-05-24 16:13:44','用户管理菜单'),(101,'角色管理',1,2,'role','system/role/index','','',1,0,'C','0','0','system:role:list','peoples','admin','2025-05-23 17:08:56','',NULL,'角色管理菜单'),(102,'菜单管理',1,3,'menu','system/menu/index','','',1,0,'C','0','0','system:menu:list','tree-table','admin','2025-05-23 17:08:56','',NULL,'菜单管理菜单'),(103,'部门管理',1,4,'dept','system/dept/index','','',1,0,'C','0','0','system:dept:list','tree','admin','2025-05-23 17:08:56','',NULL,'部门管理菜单'),(104,'岗位管理',1,5,'post','system/post/index','','',1,0,'C','0','0','system:post:list','post','admin','2025-05-23 17:08:56','',NULL,'岗位管理菜单'),(105,'字典管理',1,6,'dict','system/dict/index','','',1,0,'C','0','0','system:dict:list','dict','admin','2025-05-23 17:08:56','',NULL,'字典管理菜单'),(106,'参数设置',1,7,'config','system/config/index','','',1,0,'C','0','0','system:config:list','edit','admin','2025-05-23 17:08:56','',NULL,'参数设置菜单'),(108,'日志管理',1,9,'log','','','',1,0,'M','0','0','','log','admin','2025-05-23 17:08:56','',NULL,'日志管理菜单'),(110,'定时任务',2,2,'job','monitor/job/index','','',1,0,'C','0','0','monitor:job:list','job','admin','2025-05-23 17:08:56','',NULL,'定时任务菜单'),(112,'服务监控',2,4,'server','monitor/server/index','','',1,0,'C','0','0','monitor:server:list','server','admin','2025-05-23 17:08:56','',NULL,'服务监控菜单'),(114,'缓存列表',2,6,'cacheList','monitor/cache/list','','',1,0,'C','0','0','monitor:cache:list','redis-list','admin','2025-05-23 17:08:56','',NULL,'缓存列表菜单'),(115,'表单构建',3,1,'build','tool/build/index','','',1,0,'C','0','0','tool:build:list','build','admin','2025-05-23 17:08:56','',NULL,'表单构建菜单'),(116,'代码生成',3,2,'gen','tool/gen/index','','',1,0,'C','0','0','tool:gen:list','code','admin','2025-05-23 17:08:56','',NULL,'代码生成菜单'),(117,'系统接口',3,3,'swagger','tool/swagger/index','','',1,0,'C','0','0','tool:swagger:list','swagger','admin','2025-05-23 17:08:56','',NULL,'系统接口菜单'),(500,'操作日志',108,1,'operlog','monitor/operlog/index','','',1,0,'C','0','0','monitor:operlog:list','form','admin','2025-05-23 17:08:56','',NULL,'操作日志菜单'),(501,'登录日志',108,2,'logininfor','monitor/logininfor/index','','',1,0,'C','0','0','monitor:logininfor:list','logininfor','admin','2025-05-23 17:08:56','',NULL,'登录日志菜单'),(1000,'用户查询',100,1,'','','','',1,0,'F','0','0','system:user:query','#','admin','2025-05-23 17:08:56','',NULL,''),(1001,'用户新增',100,2,'','','','',1,0,'F','0','0','system:user:add','#','admin','2025-05-23 17:08:56','',NULL,''),(1002,'用户修改',100,3,'','','','',1,0,'F','0','0','system:user:edit','#','admin','2025-05-23 17:08:56','',NULL,''),(1003,'用户删除',100,4,'','','','',1,0,'F','0','0','system:user:remove','#','admin','2025-05-23 17:08:56','',NULL,''),(1004,'用户导出',100,5,'','','','',1,0,'F','0','0','system:user:export','#','admin','2025-05-23 17:08:56','',NULL,''),(1005,'用户导入',100,6,'','','','',1,0,'F','0','0','system:user:import','#','admin','2025-05-23 17:08:56','',NULL,''),(1006,'重置密码',100,7,'','','','',1,0,'F','0','0','system:user:resetPwd','#','admin','2025-05-23 17:08:56','',NULL,''),(1007,'角色查询',101,1,'','','','',1,0,'F','0','0','system:role:query','#','admin','2025-05-23 17:08:56','',NULL,''),(1008,'角色新增',101,2,'','','','',1,0,'F','0','0','system:role:add','#','admin','2025-05-23 17:08:56','',NULL,''),(1009,'角色修改',101,3,'','','','',1,0,'F','0','0','system:role:edit','#','admin','2025-05-23 17:08:56','',NULL,''),(1010,'角色删除',101,4,'','','','',1,0,'F','0','0','system:role:remove','#','admin','2025-05-23 17:08:56','',NULL,''),(1011,'角色导出',101,5,'','','','',1,0,'F','0','0','system:role:export','#','admin','2025-05-23 17:08:56','',NULL,''),(1012,'菜单查询',102,1,'','','','',1,0,'F','0','0','system:menu:query','#','admin','2025-05-23 17:08:56','',NULL,''),(1013,'菜单新增',102,2,'','','','',1,0,'F','0','0','system:menu:add','#','admin','2025-05-23 17:08:56','',NULL,''),(1014,'菜单修改',102,3,'','','','',1,0,'F','0','0','system:menu:edit','#','admin','2025-05-23 17:08:56','',NULL,''),(1015,'菜单删除',102,4,'','','','',1,0,'F','0','0','system:menu:remove','#','admin','2025-05-23 17:08:56','',NULL,''),(1016,'部门查询',103,1,'','','','',1,0,'F','0','0','system:dept:query','#','admin','2025-05-23 17:08:56','',NULL,''),(1017,'部门新增',103,2,'','','','',1,0,'F','0','0','system:dept:add','#','admin','2025-05-23 17:08:56','',NULL,''),(1018,'部门修改',103,3,'','','','',1,0,'F','0','0','system:dept:edit','#','admin','2025-05-23 17:08:56','',NULL,''),(1019,'部门删除',103,4,'','','','',1,0,'F','0','0','system:dept:remove','#','admin','2025-05-23 17:08:56','',NULL,''),(1020,'岗位查询',104,1,'','','','',1,0,'F','0','0','system:post:query','#','admin','2025-05-23 17:08:56','',NULL,''),(1021,'岗位新增',104,2,'','','','',1,0,'F','0','0','system:post:add','#','admin','2025-05-23 17:08:56','',NULL,''),(1022,'岗位修改',104,3,'','','','',1,0,'F','0','0','system:post:edit','#','admin','2025-05-23 17:08:56','',NULL,''),(1023,'岗位删除',104,4,'','','','',1,0,'F','0','0','system:post:remove','#','admin','2025-05-23 17:08:56','',NULL,''),(1024,'岗位导出',104,5,'','','','',1,0,'F','0','0','system:post:export','#','admin','2025-05-23 17:08:56','',NULL,''),(1025,'字典查询',105,1,'#','','','',1,0,'F','0','0','system:dict:query','#','admin','2025-05-23 17:08:56','',NULL,''),(1026,'字典新增',105,2,'#','','','',1,0,'F','0','0','system:dict:add','#','admin','2025-05-23 17:08:56','',NULL,''),(1027,'字典修改',105,3,'#','','','',1,0,'F','0','0','system:dict:edit','#','admin','2025-05-23 17:08:56','',NULL,''),(1028,'字典删除',105,4,'#','','','',1,0,'F','0','0','system:dict:remove','#','admin','2025-05-23 17:08:56','',NULL,''),(1029,'字典导出',105,5,'#','','','',1,0,'F','0','0','system:dict:export','#','admin','2025-05-23 17:08:56','',NULL,''),(1030,'参数查询',106,1,'#','','','',1,0,'F','0','0','system:config:query','#','admin','2025-05-23 17:08:56','',NULL,''),(1031,'参数新增',106,2,'#','','','',1,0,'F','0','0','system:config:add','#','admin','2025-05-23 17:08:56','',NULL,''),(1032,'参数修改',106,3,'#','','','',1,0,'F','0','0','system:config:edit','#','admin','2025-05-23 17:08:56','',NULL,''),(1033,'参数删除',106,4,'#','','','',1,0,'F','0','0','system:config:remove','#','admin','2025-05-23 17:08:56','',NULL,''),(1034,'参数导出',106,5,'#','','','',1,0,'F','0','0','system:config:export','#','admin','2025-05-23 17:08:56','',NULL,''),(1039,'操作查询',500,1,'#','','','',1,0,'F','0','0','monitor:operlog:query','#','admin','2025-05-23 17:08:56','',NULL,''),(1040,'操作删除',500,2,'#','','','',1,0,'F','0','0','monitor:operlog:remove','#','admin','2025-05-23 17:08:56','',NULL,''),(1041,'日志导出',500,3,'#','','','',1,0,'F','0','0','monitor:operlog:export','#','admin','2025-05-23 17:08:56','',NULL,''),(1042,'登录查询',501,1,'#','','','',1,0,'F','0','0','monitor:logininfor:query','#','admin','2025-05-23 17:08:56','',NULL,''),(1043,'登录删除',501,2,'#','','','',1,0,'F','0','0','monitor:logininfor:remove','#','admin','2025-05-23 17:08:56','',NULL,''),(1044,'日志导出',501,3,'#','','','',1,0,'F','0','0','monitor:logininfor:export','#','admin','2025-05-23 17:08:56','',NULL,''),(1045,'账户解锁',501,4,'#','','','',1,0,'F','0','0','monitor:logininfor:unlock','#','admin','2025-05-23 17:08:56','',NULL,''),(1049,'任务查询',110,1,'#','','','',1,0,'F','0','0','monitor:job:query','#','admin','2025-05-23 17:08:56','',NULL,''),(1050,'任务新增',110,2,'#','','','',1,0,'F','0','0','monitor:job:add','#','admin','2025-05-23 17:08:56','',NULL,''),(1051,'任务修改',110,3,'#','','','',1,0,'F','0','0','monitor:job:edit','#','admin','2025-05-23 17:08:56','',NULL,''),(1052,'任务删除',110,4,'#','','','',1,0,'F','0','0','monitor:job:remove','#','admin','2025-05-23 17:08:56','',NULL,''),(1053,'状态修改',110,5,'#','','','',1,0,'F','0','0','monitor:job:changeStatus','#','admin','2025-05-23 17:08:56','',NULL,''),(1054,'任务导出',110,6,'#','','','',1,0,'F','0','0','monitor:job:export','#','admin','2025-05-23 17:08:56','',NULL,''),(1055,'生成查询',116,1,'#','','','',1,0,'F','0','0','tool:gen:query','#','admin','2025-05-23 17:08:56','',NULL,''),(1056,'生成修改',116,2,'#','','','',1,0,'F','0','0','tool:gen:edit','#','admin','2025-05-23 17:08:56','',NULL,''),(1057,'生成删除',116,3,'#','','','',1,0,'F','0','0','tool:gen:remove','#','admin','2025-05-23 17:08:56','',NULL,''),(1058,'导入代码',116,4,'#','','','',1,0,'F','0','0','tool:gen:import','#','admin','2025-05-23 17:08:56','',NULL,''),(1059,'预览代码',116,5,'#','','','',1,0,'F','0','0','tool:gen:preview','#','admin','2025-05-23 17:08:56','',NULL,''),(1060,'生成代码',116,6,'#','','','',1,0,'F','0','0','tool:gen:code','#','admin','2025-05-23 17:08:56','',NULL,''),(2006,'数据管理',0,3,'data',NULL,NULL,'',1,0,'M','0','0',NULL,'chart','admin','2025-05-24 00:19:21','',NULL,''),(2007,'主演表',2006,4,'actors','actors/actors/index',NULL,'',1,0,'C','0','0','actors:actors:list','actor','admin','2025-05-24 00:30:46','admin','2025-05-26 16:22:26',''),(2008,'导演表',2006,3,'directors','directors/directors/index',NULL,'',1,0,'C','0','0','directors:directors:list','director','admin','2025-05-24 14:30:21','admin','2025-05-26 16:11:02','导演菜单'),(2009,'导演查询',2008,1,'#','',NULL,'',1,0,'F','0','0','directors:directors:query','#','admin','2025-05-24 14:30:21','',NULL,''),(2010,'导演新增',2008,2,'#','',NULL,'',1,0,'F','0','0','directors:directors:add','#','admin','2025-05-24 14:30:21','',NULL,''),(2011,'导演修改',2008,3,'#','',NULL,'',1,0,'F','0','0','directors:directors:edit','#','admin','2025-05-24 14:30:21','',NULL,''),(2012,'导演删除',2008,4,'#','',NULL,'',1,0,'F','0','0','directors:directors:remove','#','admin','2025-05-24 14:30:21','',NULL,''),(2013,'导演导出',2008,5,'#','',NULL,'',1,0,'F','0','0','directors:directors:export','#','admin','2025-05-24 14:30:21','',NULL,''),(2026,'地区表',2006,6,'areas','areas/areas/index',NULL,'',1,0,'C','0','0','areas:areas:list','area','admin','2025-05-24 14:51:19','admin','2025-05-26 16:11:17','地区菜单'),(2027,'地区查询',2026,1,'#','',NULL,'',1,0,'F','0','0','areas:areas:query','#','admin','2025-05-24 14:51:19','',NULL,''),(2028,'地区新增',2026,2,'#','',NULL,'',1,0,'F','0','0','areas:areas:add','#','admin','2025-05-24 14:51:19','',NULL,''),(2029,'地区修改',2026,3,'#','',NULL,'',1,0,'F','0','0','areas:areas:edit','#','admin','2025-05-24 14:51:19','',NULL,''),(2030,'地区删除',2026,4,'#','',NULL,'',1,0,'F','0','0','areas:areas:remove','#','admin','2025-05-24 14:51:19','',NULL,''),(2031,'地区导出',2026,5,'#','',NULL,'',1,0,'F','0','0','areas:areas:export','#','admin','2025-05-24 14:51:19','',NULL,''),(2032,'类别表',2006,5,'genres','genres/genres/index',NULL,'',1,0,'C','0','0','genres:genres:list','type','admin','2025-05-24 15:10:46','admin','2025-05-26 16:11:13','类别表菜单'),(2033,'类别表查询',2032,1,'#','',NULL,'',1,0,'F','0','0','genres:genres:query','#','admin','2025-05-24 15:10:46','',NULL,''),(2034,'类别表新增',2032,2,'#','',NULL,'',1,0,'F','0','0','genres:genres:add','#','admin','2025-05-24 15:10:46','',NULL,''),(2035,'类别表修改',2032,3,'#','',NULL,'',1,0,'F','0','0','genres:genres:edit','#','admin','2025-05-24 15:10:46','',NULL,''),(2036,'类别表删除',2032,4,'#','',NULL,'',1,0,'F','0','0','genres:genres:remove','#','admin','2025-05-24 15:10:46','',NULL,''),(2037,'类别表导出',2032,5,'#','',NULL,'',1,0,'F','0','0','genres:genres:export','#','admin','2025-05-24 15:10:46','',NULL,''),(2038,'前台用户表',2006,1,'users','users/users/index',NULL,'',1,0,'C','0','0','users:users:list','user','admin','2025-05-24 15:39:43','admin','2025-05-24 16:14:00','用户表菜单'),(2039,'用户表查询',2038,1,'#','',NULL,'',1,0,'F','0','0','users:users:query','#','admin','2025-05-24 15:39:43','',NULL,''),(2040,'用户表新增',2038,2,'#','',NULL,'',1,0,'F','0','0','users:users:add','#','admin','2025-05-24 15:39:43','',NULL,''),(2041,'用户表修改',2038,3,'#','',NULL,'',1,0,'F','0','0','users:users:edit','#','admin','2025-05-24 15:39:43','',NULL,''),(2042,'用户表删除',2038,4,'#','',NULL,'',1,0,'F','0','0','users:users:remove','#','admin','2025-05-24 15:39:43','',NULL,''),(2043,'用户表导出',2038,5,'#','',NULL,'',1,0,'F','0','0','users:users:export','#','admin','2025-05-24 15:39:43','',NULL,''),(2044,'电影表',2006,2,'movies','movies/movies/index',NULL,'',1,0,'C','0','0','movies:movies:list','movie','admin','2025-05-24 16:45:23','admin','2025-05-26 16:10:52','电影表菜单'),(2045,'电影表查询',2044,1,'#','',NULL,'',1,0,'F','0','0','movies:movies:query','#','admin','2025-05-24 16:45:23','',NULL,''),(2046,'电影表新增',2044,2,'#','',NULL,'',1,0,'F','0','0','movies:movies:add','#','admin','2025-05-24 16:45:23','',NULL,''),(2047,'电影表修改',2044,3,'#','',NULL,'',1,0,'F','0','0','movies:movies:edit','#','admin','2025-05-24 16:45:23','',NULL,''),(2048,'电影表删除',2044,4,'#','',NULL,'',1,0,'F','0','0','movies:movies:remove','#','admin','2025-05-24 16:45:23','',NULL,''),(2049,'电影表导出',2044,5,'#','',NULL,'',1,0,'F','0','0','movies:movies:export','#','admin','2025-05-24 16:45:23','',NULL,'');
/*!40000 ALTER TABLE `sys_menu` ENABLE KEYS */;
UNLOCK TABLES;

--
-- Table structure for table `sys_notice`
--

DROP TABLE IF EXISTS `sys_notice`;
/*!40101 SET @saved_cs_client     = @@character_set_client */;
/*!50503 SET character_set_client = utf8mb4 */;
CREATE TABLE `sys_notice` (
  `notice_id` int NOT NULL AUTO_INCREMENT COMMENT '公告ID',
  `notice_title` varchar(50) NOT NULL COMMENT '公告标题',
  `notice_type` char(1) NOT NULL COMMENT '公告类型（1通知 2公告）',
  `notice_content` longblob COMMENT '公告内容',
  `status` char(1) DEFAULT '0' COMMENT '公告状态（0正常 1关闭）',
  `create_by` varchar(64) DEFAULT '' COMMENT '创建者',
  `create_time` datetime DEFAULT NULL COMMENT '创建时间',
  `update_by` varchar(64) DEFAULT '' COMMENT '更新者',
  `update_time` datetime DEFAULT NULL COMMENT '更新时间',
  `remark` varchar(255) DEFAULT NULL COMMENT '备注',
  PRIMARY KEY (`notice_id`)
) ENGINE=InnoDB AUTO_INCREMENT=10 DEFAULT CHARSET=utf8mb3 COMMENT='通知公告表';
/*!40101 SET character_set_client = @saved_cs_client */;

--
-- Dumping data for table `sys_notice`
--

LOCK TABLES `sys_notice` WRITE;
/*!40000 ALTER TABLE `sys_notice` DISABLE KEYS */;
INSERT INTO `sys_notice` VALUES (1,'温馨提醒：2018-07-01 若依新版本发布啦','2',_binary '新版本内容','0','admin','2025-05-23 17:08:56','',NULL,'管理员'),(2,'维护通知：2018-07-01 若依系统凌晨维护','1',_binary '维护内容','0','admin','2025-05-23 17:08:56','',NULL,'管理员');
/*!40000 ALTER TABLE `sys_notice` ENABLE KEYS */;
UNLOCK TABLES;

--
-- Table structure for table `sys_oper_log`
--

DROP TABLE IF EXISTS `sys_oper_log`;
/*!40101 SET @saved_cs_client     = @@character_set_client */;
/*!50503 SET character_set_client = utf8mb4 */;
CREATE TABLE `sys_oper_log` (
  `oper_id` bigint NOT NULL AUTO_INCREMENT COMMENT '日志主键',
  `title` varchar(50) DEFAULT '' COMMENT '模块标题',
  `business_type` int DEFAULT '0' COMMENT '业务类型（0其它 1新增 2修改 3删除）',
  `method` varchar(200) DEFAULT '' COMMENT '方法名称',
  `request_method` varchar(10) DEFAULT '' COMMENT '请求方式',
  `operator_type` int DEFAULT '0' COMMENT '操作类别（0其它 1后台用户 2手机端用户）',
  `oper_name` varchar(50) DEFAULT '' COMMENT '操作人员',
  `dept_name` varchar(50) DEFAULT '' COMMENT '部门名称',
  `oper_url` varchar(255) DEFAULT '' COMMENT '请求URL',
  `oper_ip` varchar(128) DEFAULT '' COMMENT '主机地址',
  `oper_location` varchar(255) DEFAULT '' COMMENT '操作地点',
  `oper_param` varchar(2000) DEFAULT '' COMMENT '请求参数',
  `json_result` varchar(2000) DEFAULT '' COMMENT '返回参数',
  `status` int DEFAULT '0' COMMENT '操作状态（0正常 1异常）',
  `error_msg` varchar(2000) DEFAULT '' COMMENT '错误消息',
  `oper_time` datetime DEFAULT NULL COMMENT '操作时间',
  `cost_time` bigint DEFAULT '0' COMMENT '消耗时间',
  PRIMARY KEY (`oper_id`),
  KEY `idx_sys_oper_log_bt` (`business_type`),
  KEY `idx_sys_oper_log_s` (`status`),
  KEY `idx_sys_oper_log_ot` (`oper_time`)
) ENGINE=InnoDB AUTO_INCREMENT=472 DEFAULT CHARSET=utf8mb3 COMMENT='操作日志记录';
/*!40101 SET character_set_client = @saved_cs_client */;

--
-- Dumping data for table `sys_oper_log`
--

LOCK TABLES `sys_oper_log` WRITE;
/*!40000 ALTER TABLE `sys_oper_log` DISABLE KEYS */;
INSERT INTO `sys_oper_log` VALUES (100,'用户管理',2,'com.ruoyi.web.controller.system.SysUserController.changeStatus()','PUT',1,'admin','研发部门','/system/user/changeStatus','127.0.0.1','内网IP','{\"admin\":false,\"params\":{},\"status\":\"1\",\"updateBy\":\"admin\",\"userId\":2}','{\"msg\":\"操作成功\",\"code\":200}',0,NULL,'2025-05-23 17:30:46',10),(101,'菜单管理',3,'com.ruoyi.web.controller.system.SysMenuController.remove()','DELETE',1,'admin','研发部门','/system/menu/4','127.0.0.1','内网IP','4','{\"msg\":\"菜单已分配,不允许删除\",\"code\":601}',0,NULL,'2025-05-23 17:31:56',7),(102,'菜单管理',2,'com.ruoyi.web.controller.system.SysMenuController.edit()','PUT',1,'admin','研发部门','/system/menu','127.0.0.1','内网IP','{\"children\":[],\"createTime\":\"2025-05-23 17:08:56\",\"icon\":\"guide\",\"isCache\":\"0\",\"isFrame\":\"0\",\"menuId\":4,\"menuName\":\"若依官网\",\"menuType\":\"M\",\"orderNum\":4,\"params\":{},\"parentId\":0,\"path\":\"1\",\"perms\":\"\",\"query\":\"\",\"routeName\":\"\",\"status\":\"0\",\"visible\":\"0\"}','{\"msg\":\"修改菜单\'若依官网\'失败，地址必须以http(s)://开头\",\"code\":500}',0,NULL,'2025-05-23 17:32:10',8),(103,'菜单管理',3,'com.ruoyi.web.controller.system.SysMenuController.remove()','DELETE',1,'admin','研发部门','/system/menu/4','127.0.0.1','内网IP','4','{\"msg\":\"菜单已分配,不允许删除\",\"code\":601}',0,NULL,'2025-05-23 17:32:17',4),(104,'菜单管理',2,'com.ruoyi.web.controller.system.SysMenuController.edit()','PUT',1,'admin','研发部门','/system/menu','127.0.0.1','内网IP','{\"children\":[],\"createTime\":\"2025-05-23 17:08:56\",\"icon\":\"guide\",\"isCache\":\"0\",\"isFrame\":\"0\",\"menuId\":4,\"menuName\":\"若依官网\",\"menuType\":\"M\",\"orderNum\":4,\"params\":{},\"parentId\":0,\"path\":\"http:/\",\"perms\":\"\",\"query\":\"\",\"routeName\":\"\",\"status\":\"0\",\"visible\":\"0\"}','{\"msg\":\"修改菜单\'若依官网\'失败，地址必须以http(s)://开头\",\"code\":500}',0,NULL,'2025-05-23 17:32:27',3),(105,'菜单管理',2,'com.ruoyi.web.controller.system.SysMenuController.edit()','PUT',1,'admin','研发部门','/system/menu','127.0.0.1','内网IP','{\"children\":[],\"createTime\":\"2025-05-23 17:08:56\",\"icon\":\"guide\",\"isCache\":\"0\",\"isFrame\":\"0\",\"menuId\":4,\"menuName\":\"若依官网\",\"menuType\":\"M\",\"orderNum\":4,\"params\":{},\"parentId\":0,\"path\":\"http://\",\"perms\":\"\",\"query\":\"\",\"routeName\":\"\",\"status\":\"0\",\"updateBy\":\"admin\",\"visible\":\"0\"}','{\"msg\":\"操作成功\",\"code\":200}',0,NULL,'2025-05-23 17:32:31',8),(106,'菜单管理',3,'com.ruoyi.web.controller.system.SysMenuController.remove()','DELETE',1,'admin','研发部门','/system/menu/4','127.0.0.1','内网IP','4','{\"msg\":\"菜单已分配,不允许删除\",\"code\":601}',0,NULL,'2025-05-23 17:32:33',5),(107,'角色管理',2,'com.ruoyi.web.controller.system.SysRoleController.edit()','PUT',1,'admin','研发部门','/system/role','127.0.0.1','内网IP','{\"admin\":false,\"createTime\":\"2025-05-23 17:08:56\",\"dataScope\":\"2\",\"delFlag\":\"0\",\"deptCheckStrictly\":true,\"flag\":false,\"menuCheckStrictly\":true,\"menuIds\":[1,100,1000,1001,1002,1003,1004,1005,1006,101,1007,1008,1009,1010,1011,102,1012,1013,1014,1015,103,1016,1017,1018,1019,104,1020,1021,1022,1023,1024,105,1025,1026,1027,1028,1029,106,1030,1031,1032,1033,1034,107,1035,1036,1037,1038,108,500,1039,1040,1041,501,1042,1043,1044,1045,2,109,1046,1047,1048,110,1049,1050,1051,1052,1053,1054,111,112,113,114,3,115,116,1055,1056,1057,1058,1059,1060,117],\"params\":{},\"remark\":\"普通角色\",\"roleId\":2,\"roleKey\":\"common\",\"roleName\":\"普通角色\",\"roleSort\":2,\"status\":\"0\",\"updateBy\":\"admin\"}','{\"msg\":\"操作成功\",\"code\":200}',0,NULL,'2025-05-23 17:35:41',33),(108,'角色管理',3,'com.ruoyi.web.controller.system.SysRoleController.remove()','DELETE',1,'admin','研发部门','/system/role/2','127.0.0.1','内网IP','[2]',NULL,1,'普通角色已分配,不能删除','2025-05-23 17:35:49',9),(109,'用户管理',3,'com.ruoyi.web.controller.system.SysUserController.remove()','DELETE',1,'admin','研发部门','/system/user/2','127.0.0.1','内网IP','[2]','{\"msg\":\"操作成功\",\"code\":200}',0,NULL,'2025-05-23 17:35:55',9),(110,'角色管理',3,'com.ruoyi.web.controller.system.SysRoleController.remove()','DELETE',1,'admin','研发部门','/system/role/2','127.0.0.1','内网IP','[2]','{\"msg\":\"操作成功\",\"code\":200}',0,NULL,'2025-05-23 17:35:59',10),(111,'菜单管理',3,'com.ruoyi.web.controller.system.SysMenuController.remove()','DELETE',1,'admin','研发部门','/system/menu/4','127.0.0.1','内网IP','4','{\"msg\":\"操作成功\",\"code\":200}',0,NULL,'2025-05-23 17:37:01',5),(112,'个人信息',2,'com.ruoyi.web.controller.system.SysProfileController.updateProfile()','PUT',1,'admin','研发部门','/system/user/profile','127.0.0.1','内网IP','{\"admin\":false,\"email\":\"ry@163.com\",\"nickName\":\"admin\",\"params\":{},\"phonenumber\":\"15888888888\",\"sex\":\"1\"}','{\"msg\":\"操作成功\",\"code\":200}',0,NULL,'2025-05-23 17:39:23',8),(113,'用户头像',2,'com.ruoyi.web.controller.system.SysProfileController.avatar()','POST',1,'admin','研发部门','/system/user/profile/avatar','127.0.0.1','内网IP','','{\"msg\":\"操作成功\",\"imgUrl\":\"/profile/avatar/2025/05/23/avatar_20250523175210A001.png\",\"code\":200}',0,NULL,'2025-05-23 17:52:10',74),(114,'个人信息',2,'com.movie.web.controller.system.SysProfileController.updateProfile()','PUT',1,'admin','研发部门','/system/user/profile','127.0.0.1','内网IP','{\"admin\":false,\"email\":\"java@163.com\",\"nickName\":\"admin\",\"params\":{},\"phonenumber\":\"15888888888\",\"sex\":\"0\"}','{\"msg\":\"操作成功\",\"code\":200}',0,NULL,'2025-05-23 21:25:51',23),(115,'角色管理',2,'com.movie.web.controller.system.SysRoleController.edit()','PUT',1,'admin','研发部门','/system/role','127.0.0.1','内网IP','{\"admin\":true,\"createTime\":\"2025-05-23 17:08:56\",\"dataScope\":\"1\",\"delFlag\":\"0\",\"deptCheckStrictly\":true,\"flag\":false,\"menuCheckStrictly\":true,\"menuIds\":[],\"params\":{},\"remark\":\"管理员\",\"roleId\":1,\"roleKey\":\"admin\",\"roleName\":\"管理员\",\"roleSort\":1,\"status\":\"0\"}',NULL,1,'不允许操作超级管理员角色','2025-05-23 21:26:15',4),(116,'个人信息',2,'com.movie.web.controller.system.SysProfileController.updateProfile()','PUT',1,'admin','研发部门','/system/user/profile','127.0.0.1','内网IP','{\"admin\":false,\"email\":\"java@163.com\",\"nickName\":\"admin\",\"params\":{},\"phonenumber\":\"18888888888\",\"sex\":\"0\"}','{\"msg\":\"操作成功\",\"code\":200}',0,NULL,'2025-05-23 21:28:55',10),(117,'用户管理',2,'com.movie.web.controller.system.SysUserController.edit()','PUT',1,'admin','研发部门','/system/user','127.0.0.1','内网IP','{\"admin\":true,\"avatar\":\"/profile/avatar/2025/05/23/avatar_20250523175210A001.png\",\"createBy\":\"admin\",\"createTime\":\"2025-05-23 17:08:56\",\"delFlag\":\"0\",\"dept\":{\"children\":[],\"deptId\":103,\"params\":{}},\"deptId\":101,\"email\":\"java@163.com\",\"loginDate\":\"2025-05-23 17:51:17\",\"loginIp\":\"127.0.0.1\",\"nickName\":\"admin\",\"params\":{},\"phonenumber\":\"18888888888\",\"postIds\":[1],\"pwdUpdateDate\":\"2025-05-23 17:08:56\",\"remark\":\"管理员\",\"roleIds\":[1],\"roles\":[{\"admin\":true,\"dataScope\":\"1\",\"deptCheckStrictly\":false,\"flag\":false,\"menuCheckStrictly\":false,\"params\":{},\"roleId\":1,\"roleKey\":\"admin\",\"roleName\":\"管理员\",\"roleSort\":1,\"status\":\"0\"}],\"sex\":\"0\",\"status\":\"0\",\"userId\":1,\"userName\":\"admin\"}',NULL,1,'不允许操作超级管理员用户','2025-05-23 21:33:48',1),(118,'用户管理',2,'com.movie.web.controller.system.SysUserController.edit()','PUT',1,'admin','研发部门','/system/user','127.0.0.1','内网IP','{\"admin\":true,\"avatar\":\"/profile/avatar/2025/05/23/avatar_20250523175210A001.png\",\"createBy\":\"admin\",\"createTime\":\"2025-05-23 17:08:56\",\"delFlag\":\"0\",\"dept\":{\"children\":[],\"deptId\":103,\"params\":{}},\"deptId\":101,\"email\":\"java@163.com\",\"loginDate\":\"2025-05-23 17:51:17\",\"loginIp\":\"127.0.0.1\",\"nickName\":\"admin\",\"params\":{},\"phonenumber\":\"18888888888\",\"postIds\":[1],\"pwdUpdateDate\":\"2025-05-23 17:08:56\",\"remark\":\"管理员\",\"roleIds\":[1],\"roles\":[{\"admin\":true,\"dataScope\":\"1\",\"deptCheckStrictly\":false,\"flag\":false,\"menuCheckStrictly\":false,\"params\":{},\"roleId\":1,\"roleKey\":\"admin\",\"roleName\":\"管理员\",\"roleSort\":1,\"status\":\"0\"}],\"sex\":\"0\",\"status\":\"0\",\"userId\":1,\"userName\":\"admin\"}',NULL,1,'不允许操作超级管理员用户','2025-05-23 21:33:49',0),(119,'用户管理',2,'com.movie.web.controller.system.SysUserController.edit()','PUT',1,'admin','研发部门','/system/user','127.0.0.1','内网IP','{\"admin\":true,\"avatar\":\"/profile/avatar/2025/05/23/avatar_20250523175210A001.png\",\"createBy\":\"admin\",\"createTime\":\"2025-05-23 17:08:56\",\"delFlag\":\"0\",\"dept\":{\"children\":[],\"deptId\":103,\"params\":{}},\"deptId\":101,\"email\":\"java@163.com\",\"loginDate\":\"2025-05-23 17:51:17\",\"loginIp\":\"127.0.0.1\",\"nickName\":\"admin\",\"params\":{},\"phonenumber\":\"18888888888\",\"postIds\":[1],\"pwdUpdateDate\":\"2025-05-23 17:08:56\",\"remark\":\"管理员\",\"roleIds\":[1],\"roles\":[{\"admin\":true,\"dataScope\":\"1\",\"deptCheckStrictly\":false,\"flag\":false,\"menuCheckStrictly\":false,\"params\":{},\"roleId\":1,\"roleKey\":\"admin\",\"roleName\":\"管理员\",\"roleSort\":1,\"status\":\"0\"}],\"sex\":\"0\",\"status\":\"0\",\"userId\":1,\"userName\":\"admin\"}',NULL,1,'不允许操作超级管理员用户','2025-05-23 21:34:31',1),(120,'用户管理',2,'com.movie.web.controller.system.SysUserController.edit()','PUT',1,'admin','研发部门','/system/user','127.0.0.1','内网IP','{\"admin\":true,\"avatar\":\"/profile/avatar/2025/05/23/avatar_20250523175210A001.png\",\"createBy\":\"admin\",\"createTime\":\"2025-05-23 17:08:56\",\"delFlag\":\"0\",\"dept\":{\"children\":[],\"deptId\":103,\"params\":{}},\"deptId\":101,\"email\":\"java@163.com\",\"loginDate\":\"2025-05-23 17:51:17\",\"loginIp\":\"127.0.0.1\",\"nickName\":\"admin\",\"params\":{},\"phonenumber\":\"18888888888\",\"postIds\":[1],\"pwdUpdateDate\":\"2025-05-23 17:08:56\",\"remark\":\"管理员\",\"roleIds\":[1],\"roles\":[{\"admin\":true,\"dataScope\":\"1\",\"deptCheckStrictly\":false,\"flag\":false,\"menuCheckStrictly\":false,\"params\":{},\"roleId\":1,\"roleKey\":\"admin\",\"roleName\":\"管理员\",\"roleSort\":1,\"status\":\"0\"}],\"sex\":\"0\",\"status\":\"0\",\"userId\":1,\"userName\":\"admin\"}',NULL,1,'不允许操作超级管理员用户','2025-05-23 21:36:12',1),(121,'用户管理',2,'com.movie.web.controller.system.SysUserController.edit()','PUT',1,'admin','研发部门','/system/user','127.0.0.1','内网IP','{\"admin\":true,\"avatar\":\"/profile/avatar/2025/05/23/avatar_20250523175210A001.png\",\"createBy\":\"admin\",\"createTime\":\"2025-05-23 17:08:56\",\"delFlag\":\"0\",\"dept\":{\"children\":[],\"deptId\":103,\"params\":{}},\"deptId\":101,\"email\":\"java@163.com\",\"loginDate\":\"2025-05-23 17:51:17\",\"loginIp\":\"127.0.0.1\",\"nickName\":\"admin\",\"params\":{},\"phonenumber\":\"18888888888\",\"postIds\":[1],\"pwdUpdateDate\":\"2025-05-23 17:08:56\",\"remark\":\"管理员\",\"roleIds\":[1],\"roles\":[{\"admin\":true,\"dataScope\":\"1\",\"deptCheckStrictly\":false,\"flag\":false,\"menuCheckStrictly\":false,\"params\":{},\"roleId\":1,\"roleKey\":\"admin\",\"roleName\":\"管理员\",\"roleSort\":1,\"status\":\"0\"}],\"sex\":\"0\",\"status\":\"0\",\"userId\":1,\"userName\":\"admin\"}',NULL,1,'不允许操作超级管理员用户','2025-05-23 21:38:01',0),(122,'用户管理',2,'com.movie.web.controller.system.SysUserController.edit()','PUT',1,'admin','管理部门','/system/user','127.0.0.1','内网IP','{\"admin\":true,\"avatar\":\"/profile/avatar/2025/05/23/avatar_20250523175210A001.png\",\"createBy\":\"admin\",\"createTime\":\"2025-05-23 17:08:56\",\"delFlag\":\"0\",\"dept\":{\"ancestors\":\"0,100\",\"children\":[],\"deptId\":101,\"deptName\":\"管理部门\",\"leader\":\"Movie\",\"orderNum\":1,\"params\":{},\"parentId\":100,\"status\":\"0\"},\"deptId\":101,\"email\":\"java@163.com\",\"loginDate\":\"2025-05-23 21:50:34\",\"loginIp\":\"127.0.0.1\",\"nickName\":\"admin\",\"params\":{},\"phonenumber\":\"18888888888\",\"postIds\":[2],\"pwdUpdateDate\":\"2025-05-23 17:08:56\",\"remark\":\"管理员\",\"roleIds\":[1],\"roles\":[{\"admin\":true,\"dataScope\":\"1\",\"deptCheckStrictly\":false,\"flag\":false,\"menuCheckStrictly\":false,\"params\":{},\"roleId\":1,\"roleKey\":\"admin\",\"roleName\":\"管理员\",\"roleSort\":1,\"status\":\"0\"}],\"sex\":\"0\",\"status\":\"0\",\"userId\":1,\"userName\":\"admin\"}',NULL,1,'不允许操作超级管理员用户','2025-05-23 21:58:53',1),(123,'用户管理',1,'com.movie.web.controller.system.SysUserController.add()','POST',1,'admin','管理部门','/system/user','127.0.0.1','内网IP','{\"admin\":false,\"createBy\":\"admin\",\"deptId\":100,\"email\":\"1@1.com\",\"nickName\":\"13\",\"params\":{},\"phonenumber\":\"13123123231\",\"postIds\":[2],\"remark\":\"23\",\"roleIds\":[],\"sex\":\"0\",\"status\":\"0\",\"userId\":100,\"userName\":\"123123\"}','{\"msg\":\"操作成功\",\"code\":200}',0,NULL,'2025-05-23 23:58:04',120),(124,'用户管理',3,'com.movie.web.controller.system.SysUserController.remove()','DELETE',1,'admin','管理部门','/system/user/100','127.0.0.1','内网IP','[100]','{\"msg\":\"操作成功\",\"code\":200}',0,NULL,'2025-05-23 23:58:26',11),(125,'用户管理',1,'com.movie.web.controller.system.SysUserController.add()','POST',1,'admin','管理部门','/system/user','127.0.0.1','内网IP','{\"admin\":false,\"createBy\":\"admin\",\"deptId\":100,\"email\":\"3213@qqq.com\",\"nickName\":\"1232\",\"params\":{},\"phonenumber\":\"18813726043\",\"postIds\":[2],\"roleIds\":[],\"sex\":\"1\",\"status\":\"0\",\"userId\":101,\"userName\":\"3123\"}','{\"msg\":\"操作成功\",\"code\":200}',0,NULL,'2025-05-23 23:59:34',80),(126,'角色管理',1,'com.movie.web.controller.system.SysRoleController.add()','POST',1,'admin','管理部门','/system/role','127.0.0.1','内网IP','{\"admin\":false,\"createBy\":\"admin\",\"deptCheckStrictly\":true,\"deptIds\":[],\"flag\":false,\"menuCheckStrictly\":true,\"menuIds\":[],\"params\":{},\"remark\":\"普通用户\",\"roleId\":100,\"roleKey\":\"normal\",\"roleName\":\"普通用户\",\"roleSort\":2,\"status\":\"0\"}','{\"msg\":\"操作成功\",\"code\":200}',0,NULL,'2025-05-24 00:01:56',13),(127,'个人信息',2,'com.movie.web.controller.system.SysProfileController.updateProfile()','PUT',1,'admin','管理部门','/system/user/profile','127.0.0.1','内网IP','{\"admin\":false,\"email\":\"gyz@163.com\",\"nickName\":\"admin\",\"params\":{},\"phonenumber\":\"18888888888\",\"sex\":\"0\"}','{\"msg\":\"操作成功\",\"code\":200}',0,NULL,'2025-05-24 00:03:01',9),(128,'代码生成',6,'com.movie.generator.controller.GenController.importTableSave()','POST',1,'admin','管理部门','/tool/gen/importTable','127.0.0.1','内网IP','{\"tables\":\"movies,movie_actor,movie_director\"}','{\"msg\":\"操作成功\",\"code\":200}',0,NULL,'2025-05-24 00:03:45',54),(129,'代码生成',6,'com.movie.generator.controller.GenController.importTableSave()','POST',1,'admin','管理部门','/tool/gen/importTable','127.0.0.1','内网IP','{\"tables\":\"areas,genres,users\"}','{\"msg\":\"操作成功\",\"code\":200}',0,NULL,'2025-05-24 00:03:58',36),(130,'代码生成',6,'com.movie.generator.controller.GenController.importTableSave()','POST',1,'admin','管理部门','/tool/gen/importTable','127.0.0.1','内网IP','{\"tables\":\"directors,actors\"}','{\"msg\":\"操作成功\",\"code\":200}',0,NULL,'2025-05-24 00:04:05',17),(131,'代码生成',8,'com.movie.generator.controller.GenController.batchGenCode()','GET',1,'admin','管理部门','/tool/gen/batchGenCode','127.0.0.1','内网IP','{\"tables\":\"actors\"}',NULL,0,NULL,'2025-05-24 00:04:55',28),(132,'代码生成',8,'com.movie.generator.controller.GenController.batchGenCode()','GET',1,'admin','管理部门','/tool/gen/batchGenCode','127.0.0.1','内网IP','{\"tables\":\"actors\"}',NULL,0,NULL,'2025-05-24 00:04:55',30),(133,'代码生成',8,'com.movie.generator.controller.GenController.batchGenCode()','GET',1,'admin','管理部门','/tool/gen/batchGenCode','127.0.0.1','内网IP','{\"tables\":\"actors\"}',NULL,0,NULL,'2025-05-24 00:05:09',26),(134,'代码生成',8,'com.movie.generator.controller.GenController.batchGenCode()','GET',1,'admin','管理部门','/tool/gen/batchGenCode','127.0.0.1','内网IP','{\"tables\":\"actors\"}',NULL,0,NULL,'2025-05-24 00:05:09',48),(135,'菜单管理',3,'com.movie.web.controller.system.SysMenuController.remove()','DELETE',1,'admin','管理部门','/system/menu/2000','127.0.0.1','内网IP','2000','{\"msg\":\"存在子菜单,不允许删除\",\"code\":601}',0,NULL,'2025-05-24 00:16:32',10),(136,'菜单管理',3,'com.movie.web.controller.system.SysMenuController.remove()','DELETE',1,'admin','管理部门','/system/menu/2001','127.0.0.1','内网IP','2001','{\"msg\":\"操作成功\",\"code\":200}',0,NULL,'2025-05-24 00:16:37',7),(137,'菜单管理',3,'com.movie.web.controller.system.SysMenuController.remove()','DELETE',1,'admin','管理部门','/system/menu/2002','127.0.0.1','内网IP','2002','{\"msg\":\"操作成功\",\"code\":200}',0,NULL,'2025-05-24 00:16:40',8),(138,'菜单管理',3,'com.movie.web.controller.system.SysMenuController.remove()','DELETE',1,'admin','管理部门','/system/menu/2003','127.0.0.1','内网IP','2003','{\"msg\":\"操作成功\",\"code\":200}',0,NULL,'2025-05-24 00:16:43',7),(139,'菜单管理',3,'com.movie.web.controller.system.SysMenuController.remove()','DELETE',1,'admin','管理部门','/system/menu/2004','127.0.0.1','内网IP','2004','{\"msg\":\"操作成功\",\"code\":200}',0,NULL,'2025-05-24 00:16:45',7),(140,'菜单管理',3,'com.movie.web.controller.system.SysMenuController.remove()','DELETE',1,'admin','管理部门','/system/menu/2005','127.0.0.1','内网IP','2005','{\"msg\":\"操作成功\",\"code\":200}',0,NULL,'2025-05-24 00:16:48',8),(141,'菜单管理',3,'com.movie.web.controller.system.SysMenuController.remove()','DELETE',1,'admin','管理部门','/system/menu/2000','127.0.0.1','内网IP','2000','{\"msg\":\"操作成功\",\"code\":200}',0,NULL,'2025-05-24 00:16:51',8),(142,'菜单管理',2,'com.movie.web.controller.system.SysMenuController.edit()','PUT',1,'admin','管理部门','/system/menu','127.0.0.1','内网IP','{\"children\":[],\"createTime\":\"2025-05-23 17:08:56\",\"icon\":\"tool\",\"isCache\":\"0\",\"isFrame\":\"1\",\"menuId\":3,\"menuName\":\"系统工具\",\"menuType\":\"M\",\"orderNum\":100,\"params\":{},\"parentId\":0,\"path\":\"tool\",\"perms\":\"\",\"query\":\"\",\"routeName\":\"\",\"status\":\"0\",\"updateBy\":\"admin\",\"visible\":\"0\"}','{\"msg\":\"操作成功\",\"code\":200}',0,NULL,'2025-05-24 00:18:20',17),(143,'菜单管理',1,'com.movie.web.controller.system.SysMenuController.add()','POST',1,'admin','管理部门','/system/menu','127.0.0.1','内网IP','{\"children\":[],\"createBy\":\"admin\",\"icon\":\"chart\",\"isCache\":\"0\",\"isFrame\":\"1\",\"menuName\":\"数据管理\",\"menuType\":\"M\",\"orderNum\":3,\"params\":{},\"parentId\":0,\"path\":\"data\",\"status\":\"0\",\"visible\":\"0\"}','{\"msg\":\"操作成功\",\"code\":200}',0,NULL,'2025-05-24 00:19:21',12),(144,'代码生成',2,'com.movie.generator.controller.GenController.editSave()','PUT',1,'admin','管理部门','/tool/gen','127.0.0.1','内网IP','{\"businessName\":\"actors\",\"className\":\"Actors\",\"columns\":[{\"capJavaField\":\"Id\",\"columnComment\":\"id\",\"columnId\":29,\"columnName\":\"id\",\"columnType\":\"bigint\",\"createBy\":\"admin\",\"createTime\":\"2025-05-24 00:04:05\",\"dictType\":\"\",\"edit\":false,\"htmlType\":\"input\",\"increment\":true,\"insert\":true,\"isIncrement\":\"1\",\"isInsert\":\"1\",\"isPk\":\"1\",\"isRequired\":\"0\",\"javaField\":\"id\",\"javaType\":\"Long\",\"list\":false,\"params\":{},\"pk\":true,\"query\":false,\"queryType\":\"EQ\",\"required\":false,\"sort\":1,\"superColumn\":false,\"tableId\":7,\"updateBy\":\"\",\"usableColumn\":false},{\"capJavaField\":\"Name\",\"columnComment\":\"主演名字\",\"columnId\":30,\"columnName\":\"name\",\"columnType\":\"varchar(100)\",\"createBy\":\"admin\",\"createTime\":\"2025-05-24 00:04:05\",\"dictType\":\"\",\"edit\":true,\"htmlType\":\"input\",\"increment\":false,\"insert\":true,\"isEdit\":\"1\",\"isIncrement\":\"0\",\"isInsert\":\"1\",\"isList\":\"1\",\"isPk\":\"0\",\"isQuery\":\"1\",\"isRequired\":\"1\",\"javaField\":\"name\",\"javaType\":\"String\",\"list\":true,\"params\":{},\"pk\":false,\"query\":true,\"queryType\":\"LIKE\",\"required\":true,\"sort\":2,\"superColumn\":false,\"tableId\":7,\"updateBy\":\"\",\"usableColumn\":false}],\"crud\":true,\"functionAuthor\":\"ruoyi\",\"functionName\":\"actors\",\"genPath\":\"/\",\"genType\":\"0\",\"moduleName\":\"actors\",\"options\":\"{\\\"parentMenuId\\\":2006}\",\"packageName\":\"com.movie.data\",\"params\":{\"parentMenuId\":2006},\"parentMenuId\":2006,\"sub\":false,\"subTableFkName\":\"\",\"subTableName\":\"\",\"tableComment\":\"演员表\",\"tableId\":7,\"tableName\":\"actors\",\"tplCategory\":\"crud\",\"tplWebType\":\"element-ui\",\"tree\":false}','{\"msg\":\"操作成功\",\"code\":200}',0,NULL,'2025-05-24 00:25:08',30),(145,'代码生成',2,'com.movie.generator.controller.GenController.editSave()','PUT',1,'admin','管理部门','/tool/gen','127.0.0.1','内网IP','{\"businessName\":\"actors\",\"className\":\"Actors\",\"columns\":[{\"capJavaField\":\"Id\",\"columnComment\":\"id\",\"columnId\":29,\"columnName\":\"id\",\"columnType\":\"bigint\",\"createBy\":\"admin\",\"createTime\":\"2025-05-24 00:04:05\",\"dictType\":\"\",\"edit\":false,\"htmlType\":\"input\",\"increment\":true,\"insert\":true,\"isIncrement\":\"1\",\"isInsert\":\"1\",\"isPk\":\"1\",\"isRequired\":\"0\",\"javaField\":\"id\",\"javaType\":\"Long\",\"list\":false,\"params\":{},\"pk\":true,\"query\":false,\"queryType\":\"EQ\",\"required\":false,\"sort\":1,\"superColumn\":false,\"tableId\":7,\"updateBy\":\"\",\"updateTime\":\"2025-05-24 00:25:08\",\"usableColumn\":false},{\"capJavaField\":\"Name\",\"columnComment\":\"主演名字\",\"columnId\":30,\"columnName\":\"name\",\"columnType\":\"varchar(100)\",\"createBy\":\"admin\",\"createTime\":\"2025-05-24 00:04:05\",\"dictType\":\"\",\"edit\":true,\"htmlType\":\"input\",\"increment\":false,\"insert\":true,\"isEdit\":\"1\",\"isIncrement\":\"0\",\"isInsert\":\"1\",\"isList\":\"1\",\"isPk\":\"0\",\"isQuery\":\"1\",\"isRequired\":\"1\",\"javaField\":\"name\",\"javaType\":\"String\",\"list\":true,\"params\":{},\"pk\":false,\"query\":true,\"queryType\":\"LIKE\",\"required\":true,\"sort\":2,\"superColumn\":false,\"tableId\":7,\"updateBy\":\"\",\"updateTime\":\"2025-05-24 00:25:08\",\"usableColumn\":false}],\"crud\":true,\"functionAuthor\":\"ruoyi\",\"functionName\":\"演员\",\"genPath\":\"/\",\"genType\":\"0\",\"moduleName\":\"actors\",\"options\":\"{\\\"parentMenuId\\\":2006}\",\"packageName\":\"com.movie.data\",\"params\":{\"parentMenuId\":2006},\"parentMenuId\":2006,\"sub\":false,\"subTableFkName\":\"\",\"subTableName\":\"\",\"tableComment\":\"演员表\",\"tableId\":7,\"tableName\":\"actors\",\"tplCategory\":\"crud\",\"tplWebType\":\"element-ui\",\"tree\":false}','{\"msg\":\"操作成功\",\"code\":200}',0,NULL,'2025-05-24 00:25:50',10),(146,'代码生成',8,'com.movie.generator.controller.GenController.batchGenCode()','GET',1,'admin','管理部门','/tool/gen/batchGenCode','127.0.0.1','内网IP','{\"tables\":\"actors\"}',NULL,0,NULL,'2025-05-24 00:25:54',29),(147,'代码生成',8,'com.movie.generator.controller.GenController.batchGenCode()','GET',1,'admin','管理部门','/tool/gen/batchGenCode','127.0.0.1','内网IP','{\"tables\":\"actors\"}',NULL,0,NULL,'2025-05-24 00:25:54',32),(148,'菜单管理',1,'com.movie.web.controller.system.SysMenuController.add()','POST',1,'admin','管理部门','/system/menu','127.0.0.1','内网IP','{\"children\":[],\"component\":\"actors/actors/index\",\"createBy\":\"admin\",\"icon\":\"build\",\"isCache\":\"0\",\"isFrame\":\"1\",\"menuName\":\"演员表\",\"menuType\":\"C\",\"orderNum\":10,\"params\":{},\"parentId\":2006,\"path\":\"actors\",\"perms\":\"actors:actors:list\",\"status\":\"0\",\"visible\":\"0\"}','{\"msg\":\"操作成功\",\"code\":200}',0,NULL,'2025-05-24 00:30:46',101),(149,'代码生成',2,'com.movie.generator.controller.GenController.editSave()','PUT',1,'admin','管理部门','/tool/gen','127.0.0.1','内网IP','{\"businessName\":\"directors\",\"className\":\"Directors\",\"columns\":[{\"capJavaField\":\"Id\",\"columnComment\":\"id\",\"columnId\":31,\"columnName\":\"id\",\"columnType\":\"bigint\",\"createBy\":\"admin\",\"createTime\":\"2025-05-24 00:04:05\",\"dictType\":\"\",\"edit\":false,\"htmlType\":\"input\",\"increment\":true,\"insert\":true,\"isIncrement\":\"1\",\"isInsert\":\"1\",\"isPk\":\"1\",\"isRequired\":\"0\",\"javaField\":\"id\",\"javaType\":\"Long\",\"list\":false,\"params\":{},\"pk\":true,\"query\":false,\"queryType\":\"EQ\",\"required\":false,\"sort\":1,\"superColumn\":false,\"tableId\":8,\"updateBy\":\"\",\"usableColumn\":false},{\"capJavaField\":\"Name\",\"columnComment\":\"导演名字\",\"columnId\":32,\"columnName\":\"name\",\"columnType\":\"varchar(100)\",\"createBy\":\"admin\",\"createTime\":\"2025-05-24 00:04:05\",\"dictType\":\"\",\"edit\":true,\"htmlType\":\"input\",\"increment\":false,\"insert\":true,\"isEdit\":\"1\",\"isIncrement\":\"0\",\"isInsert\":\"1\",\"isList\":\"1\",\"isPk\":\"0\",\"isQuery\":\"1\",\"isRequired\":\"1\",\"javaField\":\"name\",\"javaType\":\"String\",\"list\":true,\"params\":{},\"pk\":false,\"query\":true,\"queryType\":\"LIKE\",\"required\":true,\"sort\":2,\"superColumn\":false,\"tableId\":8,\"updateBy\":\"\",\"usableColumn\":false}],\"crud\":true,\"functionAuthor\":\"ruoyi\",\"functionName\":\"directors\",\"genPath\":\"/\",\"genType\":\"0\",\"moduleName\":\"directors\",\"options\":\"{\\\"parentMenuId\\\":2006}\",\"packageName\":\"com.movie.data\",\"params\":{\"parentMenuId\":2006},\"parentMenuId\":2006,\"sub\":false,\"subTableFkName\":\"\",\"subTableName\":\"\",\"tableComment\":\"导演表\",\"tableId\":8,\"tableName\":\"directors\",\"tplCategory\":\"crud\",\"tplWebType\":\"element-ui\",\"tree\":false}','{\"msg\":\"操作成功\",\"code\":200}',0,NULL,'2025-05-24 14:29:03',32),(150,'代码生成',2,'com.movie.generator.controller.GenController.editSave()','PUT',1,'admin','管理部门','/tool/gen','127.0.0.1','内网IP','{\"businessName\":\"directors\",\"className\":\"Directors\",\"columns\":[{\"capJavaField\":\"Id\",\"columnComment\":\"id\",\"columnId\":31,\"columnName\":\"id\",\"columnType\":\"bigint\",\"createBy\":\"admin\",\"createTime\":\"2025-05-24 00:04:05\",\"dictType\":\"\",\"edit\":false,\"htmlType\":\"input\",\"increment\":true,\"insert\":true,\"isIncrement\":\"1\",\"isInsert\":\"1\",\"isPk\":\"1\",\"isRequired\":\"0\",\"javaField\":\"id\",\"javaType\":\"Long\",\"list\":false,\"params\":{},\"pk\":true,\"query\":false,\"queryType\":\"EQ\",\"required\":false,\"sort\":1,\"superColumn\":false,\"tableId\":8,\"updateBy\":\"\",\"updateTime\":\"2025-05-24 14:29:03\",\"usableColumn\":false},{\"capJavaField\":\"Name\",\"columnComment\":\"导演名字\",\"columnId\":32,\"columnName\":\"name\",\"columnType\":\"varchar(100)\",\"createBy\":\"admin\",\"createTime\":\"2025-05-24 00:04:05\",\"dictType\":\"\",\"edit\":true,\"htmlType\":\"input\",\"increment\":false,\"insert\":true,\"isEdit\":\"1\",\"isIncrement\":\"0\",\"isInsert\":\"1\",\"isList\":\"1\",\"isPk\":\"0\",\"isQuery\":\"1\",\"isRequired\":\"1\",\"javaField\":\"name\",\"javaType\":\"String\",\"list\":true,\"params\":{},\"pk\":false,\"query\":true,\"queryType\":\"LIKE\",\"required\":true,\"sort\":2,\"superColumn\":false,\"tableId\":8,\"updateBy\":\"\",\"updateTime\":\"2025-05-24 14:29:03\",\"usableColumn\":false}],\"crud\":true,\"functionAuthor\":\"ruoyi\",\"functionName\":\"导演\",\"genPath\":\"/\",\"genType\":\"0\",\"moduleName\":\"directors\",\"options\":\"{\\\"parentMenuId\\\":2006}\",\"packageName\":\"com.movie.data\",\"params\":{\"parentMenuId\":2006},\"parentMenuId\":2006,\"sub\":false,\"subTableFkName\":\"\",\"subTableName\":\"\",\"tableComment\":\"导演表\",\"tableId\":8,\"tableName\":\"directors\",\"tplCategory\":\"crud\",\"tplWebType\":\"element-ui\",\"tree\":false}','{\"msg\":\"操作成功\",\"code\":200}',0,NULL,'2025-05-24 14:29:26',10),(151,'代码生成',8,'com.movie.generator.controller.GenController.batchGenCode()','GET',1,'admin','管理部门','/tool/gen/batchGenCode','127.0.0.1','内网IP','{\"tables\":\"directors\"}',NULL,0,NULL,'2025-05-24 14:29:31',160),(152,'代码生成',8,'com.movie.generator.controller.GenController.batchGenCode()','GET',1,'admin','管理部门','/tool/gen/batchGenCode','127.0.0.1','内网IP','{\"tables\":\"directors\"}',NULL,0,NULL,'2025-05-24 14:29:31',32),(153,'菜单管理',2,'com.movie.web.controller.system.SysMenuController.edit()','PUT',1,'admin','管理部门','/system/menu','127.0.0.1','内网IP','{\"children\":[],\"component\":\"directors/directors/index\",\"createTime\":\"2025-05-24 14:30:21\",\"icon\":\"build\",\"isCache\":\"0\",\"isFrame\":\"1\",\"menuId\":2008,\"menuName\":\"导演表\",\"menuType\":\"C\",\"orderNum\":1,\"params\":{},\"parentId\":2006,\"path\":\"directors\",\"perms\":\"directors:directors:list\",\"routeName\":\"\",\"status\":\"0\",\"updateBy\":\"admin\",\"visible\":\"0\"}','{\"msg\":\"操作成功\",\"code\":200}',0,NULL,'2025-05-24 14:34:06',18),(154,'菜单管理',2,'com.movie.web.controller.system.SysMenuController.edit()','PUT',1,'admin','管理部门','/system/menu','127.0.0.1','内网IP','{\"children\":[],\"component\":\"directors/directors/index\",\"createTime\":\"2025-05-24 14:30:21\",\"icon\":\"build\",\"isCache\":\"0\",\"isFrame\":\"1\",\"menuId\":2008,\"menuName\":\"导演表\",\"menuType\":\"C\",\"orderNum\":9,\"params\":{},\"parentId\":2006,\"path\":\"directors\",\"perms\":\"directors:directors:list\",\"routeName\":\"\",\"status\":\"0\",\"updateBy\":\"admin\",\"visible\":\"0\"}','{\"msg\":\"操作成功\",\"code\":200}',0,NULL,'2025-05-24 14:34:12',8),(155,'代码生成',2,'com.movie.generator.controller.GenController.editSave()','PUT',1,'admin','管理部门','/tool/gen','127.0.0.1','内网IP','{\"businessName\":\"areas\",\"className\":\"Areas\",\"columns\":[{\"capJavaField\":\"Id\",\"columnId\":16,\"columnName\":\"id\",\"columnType\":\"bigint\",\"createBy\":\"admin\",\"createTime\":\"2025-05-24 00:03:58\",\"dictType\":\"\",\"edit\":false,\"htmlType\":\"input\",\"increment\":true,\"insert\":true,\"isIncrement\":\"1\",\"isInsert\":\"1\",\"isPk\":\"1\",\"isRequired\":\"0\",\"javaField\":\"id\",\"javaType\":\"Long\",\"list\":false,\"params\":{},\"pk\":true,\"query\":false,\"queryType\":\"EQ\",\"required\":false,\"sort\":1,\"superColumn\":false,\"tableId\":4,\"updateBy\":\"\",\"usableColumn\":false},{\"capJavaField\":\"Area\",\"columnId\":17,\"columnName\":\"area\",\"columnType\":\"varchar(100)\",\"createBy\":\"admin\",\"createTime\":\"2025-05-24 00:03:58\",\"dictType\":\"\",\"edit\":true,\"htmlType\":\"input\",\"increment\":false,\"insert\":true,\"isEdit\":\"1\",\"isIncrement\":\"0\",\"isInsert\":\"1\",\"isList\":\"1\",\"isPk\":\"0\",\"isQuery\":\"1\",\"isRequired\":\"1\",\"javaField\":\"area\",\"javaType\":\"String\",\"list\":true,\"params\":{},\"pk\":false,\"query\":true,\"queryType\":\"EQ\",\"required\":true,\"sort\":2,\"superColumn\":false,\"tableId\":4,\"updateBy\":\"\",\"usableColumn\":false},{\"capJavaField\":\"Nums\",\"columnId\":18,\"columnName\":\"nums\",\"columnType\":\"int\",\"createBy\":\"admin\",\"createTime\":\"2025-05-24 00:03:58\",\"dictType\":\"\",\"edit\":true,\"htmlType\":\"input\",\"increment\":false,\"insert\":true,\"isEdit\":\"1\",\"isIncrement\":\"0\",\"isInsert\":\"1\",\"isList\":\"1\",\"isPk\":\"0\",\"isQuery\":\"1\",\"isRequired\":\"0\",\"javaField\":\"nums\",\"javaType\":\"Long\",\"list\":true,\"params\":{},\"pk\":false,\"query\":true,\"queryType\":\"EQ\",\"required\":false,\"sort\":3,\"superColumn\":false,\"tableId\":4,\"updateBy\":\"\",\"usableColumn\":false}],\"crud\":true,\"functionAuthor\":\"ruoyi\",\"functionName\":\"地区\",\"genPath\":\"/\",\"genType\":\"0\",\"moduleName\":\"areas\",\"options\":\"{\\\"parentMenuId\\\":2006}\",\"packageName\":\"com.movie.data\",\"params\":{\"parentMenuId\":2006},\"parentMenuId\":2006,\"sub\":false,\"tableComment\":\"地区表\",\"tableId\":4,\"tableName\":\"areas\",\"tplCategory\":\"crud\",\"tplWebType\":\"element-ui\",\"tree\":false}','{\"msg\":\"操作成功\",\"code\":200}',0,NULL,'2025-05-24 14:36:16',36),(156,'代码生成',2,'com.movie.generator.controller.GenController.editSave()','PUT',1,'admin','管理部门','/tool/gen','127.0.0.1','内网IP','{\"businessName\":\"areas\",\"className\":\"Areas\",\"columns\":[{\"capJavaField\":\"Id\",\"columnId\":16,\"columnName\":\"id\",\"columnType\":\"bigint\",\"createBy\":\"admin\",\"createTime\":\"2025-05-24 00:03:58\",\"dictType\":\"\",\"edit\":false,\"htmlType\":\"input\",\"increment\":true,\"insert\":true,\"isIncrement\":\"1\",\"isInsert\":\"1\",\"isPk\":\"1\",\"isRequired\":\"0\",\"javaField\":\"id\",\"javaType\":\"Long\",\"list\":false,\"params\":{},\"pk\":true,\"query\":false,\"queryType\":\"EQ\",\"required\":false,\"sort\":1,\"superColumn\":false,\"tableId\":4,\"updateBy\":\"\",\"updateTime\":\"2025-05-24 14:36:16\",\"usableColumn\":false},{\"capJavaField\":\"Area\",\"columnId\":17,\"columnName\":\"area\",\"columnType\":\"varchar(100)\",\"createBy\":\"admin\",\"createTime\":\"2025-05-24 00:03:58\",\"dictType\":\"\",\"edit\":true,\"htmlType\":\"input\",\"increment\":false,\"insert\":true,\"isEdit\":\"1\",\"isIncrement\":\"0\",\"isInsert\":\"1\",\"isList\":\"1\",\"isPk\":\"0\",\"isQuery\":\"1\",\"isRequired\":\"1\",\"javaField\":\"area\",\"javaType\":\"String\",\"list\":true,\"params\":{},\"pk\":false,\"query\":true,\"queryType\":\"EQ\",\"required\":true,\"sort\":2,\"superColumn\":false,\"tableId\":4,\"updateBy\":\"\",\"updateTime\":\"2025-05-24 14:36:16\",\"usableColumn\":false},{\"capJavaField\":\"Nums\",\"columnId\":18,\"columnName\":\"nums\",\"columnType\":\"int\",\"createBy\":\"admin\",\"createTime\":\"2025-05-24 00:03:58\",\"dictType\":\"\",\"edit\":true,\"htmlType\":\"input\",\"increment\":false,\"insert\":true,\"isEdit\":\"1\",\"isIncrement\":\"0\",\"isInsert\":\"1\",\"isList\":\"1\",\"isPk\":\"0\",\"isQuery\":\"1\",\"isRequired\":\"0\",\"javaField\":\"nums\",\"javaType\":\"Long\",\"list\":true,\"params\":{},\"pk\":false,\"query\":true,\"queryType\":\"EQ\",\"required\":false,\"sort\":3,\"superColumn\":false,\"tableId\":4,\"updateBy\":\"\",\"updateTime\":\"2025-05-24 14:36:16\",\"usableColumn\":false}],\"crud\":true,\"functionAuthor\":\"ruoyi\",\"functionName\":\"地区\",\"genPath\":\"/\",\"genType\":\"0\",\"moduleName\":\"areas\",\"options\":\"{\\\"parentMenuId\\\":2006}\",\"packageName\":\"com.movie.data\",\"params\":{\"parentMenuId\":2006},\"parentMenuId\":2006,\"sub\":false,\"tableComment\":\"地区表\",\"tableId\":4,\"tableName\":\"areas\",\"tplCategory\":\"crud\",\"tplWebType\":\"element-ui\",\"tree\":false}','{\"msg\":\"操作成功\",\"code\":200}',0,NULL,'2025-05-24 14:36:43',12),(157,'代码生成',8,'com.movie.generator.controller.GenController.batchGenCode()','GET',1,'admin','管理部门','/tool/gen/batchGenCode','127.0.0.1','内网IP','{\"tables\":\"areas\"}',NULL,0,NULL,'2025-05-24 14:36:46',30),(158,'代码生成',8,'com.movie.generator.controller.GenController.batchGenCode()','GET',1,'admin','管理部门','/tool/gen/batchGenCode','127.0.0.1','内网IP','{\"tables\":\"areas\"}',NULL,0,NULL,'2025-05-24 14:36:46',30),(159,'菜单管理',2,'com.movie.web.controller.system.SysMenuController.edit()','PUT',1,'admin','管理部门','/system/menu','127.0.0.1','内网IP','{\"children\":[],\"component\":\"areas/areas/index\",\"createTime\":\"2025-05-24 14:37:39\",\"icon\":\"build\",\"isCache\":\"0\",\"isFrame\":\"1\",\"menuId\":2014,\"menuName\":\"地区表\",\"menuType\":\"C\",\"orderNum\":8,\"params\":{},\"parentId\":2006,\"path\":\"areas\",\"perms\":\"areas:areas:list\",\"routeName\":\"\",\"status\":\"0\",\"updateBy\":\"admin\",\"visible\":\"0\"}','{\"msg\":\"操作成功\",\"code\":200}',0,NULL,'2025-05-24 14:40:24',19),(160,'代码生成',2,'com.movie.generator.controller.GenController.editSave()','PUT',1,'admin','管理部门','/tool/gen','127.0.0.1','内网IP','{\"businessName\":\"areas\",\"className\":\"Areas\",\"columns\":[{\"capJavaField\":\"Id\",\"columnId\":16,\"columnName\":\"id\",\"columnType\":\"bigint\",\"createBy\":\"admin\",\"createTime\":\"2025-05-24 00:03:58\",\"dictType\":\"\",\"edit\":false,\"htmlType\":\"input\",\"increment\":true,\"insert\":true,\"isIncrement\":\"1\",\"isInsert\":\"1\",\"isPk\":\"1\",\"isRequired\":\"0\",\"javaField\":\"id\",\"javaType\":\"Long\",\"list\":false,\"params\":{},\"pk\":true,\"query\":false,\"queryType\":\"EQ\",\"required\":false,\"sort\":1,\"superColumn\":false,\"tableId\":4,\"updateBy\":\"\",\"updateTime\":\"2025-05-24 14:36:43\",\"usableColumn\":false},{\"capJavaField\":\"Area\",\"columnId\":17,\"columnName\":\"area\",\"columnType\":\"varchar(100)\",\"createBy\":\"admin\",\"createTime\":\"2025-05-24 00:03:58\",\"dictType\":\"\",\"edit\":true,\"htmlType\":\"input\",\"increment\":false,\"insert\":true,\"isEdit\":\"1\",\"isIncrement\":\"0\",\"isInsert\":\"1\",\"isList\":\"1\",\"isPk\":\"0\",\"isQuery\":\"1\",\"isRequired\":\"1\",\"javaField\":\"area\",\"javaType\":\"String\",\"list\":true,\"params\":{},\"pk\":false,\"query\":true,\"queryType\":\"EQ\",\"required\":true,\"sort\":2,\"superColumn\":false,\"tableId\":4,\"updateBy\":\"\",\"updateTime\":\"2025-05-24 14:36:43\",\"usableColumn\":false},{\"capJavaField\":\"Nums\",\"columnId\":18,\"columnName\":\"nums\",\"columnType\":\"int\",\"createBy\":\"admin\",\"createTime\":\"2025-05-24 00:03:58\",\"dictType\":\"\",\"edit\":true,\"htmlType\":\"input\",\"increment\":false,\"insert\":true,\"isEdit\":\"1\",\"isIncrement\":\"0\",\"isInsert\":\"1\",\"isList\":\"1\",\"isPk\":\"0\",\"isQuery\":\"1\",\"isRequired\":\"0\",\"javaField\":\"nums\",\"javaType\":\"Long\",\"list\":true,\"params\":{},\"pk\":false,\"query\":true,\"queryType\":\"EQ\",\"required\":false,\"sort\":3,\"superColumn\":false,\"tableId\":4,\"updateBy\":\"\",\"updateTime\":\"2025-05-24 14:36:43\",\"usableColumn\":false}],\"crud\":true,\"functionAuthor\":\"ruoyi\",\"functionName\":\"地区\",\"genPath\":\"/\",\"genType\":\"0\",\"moduleName\":\"areas\",\"options\":\"{\\\"parentMenuId\\\":2006}\",\"packageName\":\"com.movie.data\",\"params\":{\"parentMenuId\":2006},\"parentMenuId\":2006,\"sub\":false,\"tableComment\":\"地区表\",\"tableId\":4,\"tableName\":\"areas\",\"tplCategory\":\"crud\",\"tplWebType\":\"element-ui\",\"tree\":false}','{\"msg\":\"操作成功\",\"code\":200}',0,NULL,'2025-05-24 14:43:01',37),(161,'代码生成',2,'com.movie.generator.controller.GenController.synchDb()','GET',1,'admin','管理部门','/tool/gen/synchDb/areas','127.0.0.1','内网IP','{}','{\"msg\":\"操作成功\",\"code\":200}',0,NULL,'2025-05-24 14:43:14',24),(162,'代码生成',2,'com.movie.generator.controller.GenController.editSave()','PUT',1,'admin','管理部门','/tool/gen','127.0.0.1','内网IP','{\"businessName\":\"areas\",\"className\":\"Areas\",\"columns\":[{\"capJavaField\":\"Id\",\"columnComment\":\"\",\"columnId\":16,\"columnName\":\"id\",\"columnType\":\"bigint\",\"createBy\":\"admin\",\"createTime\":\"2025-05-24 00:03:58\",\"dictType\":\"\",\"edit\":false,\"htmlType\":\"input\",\"increment\":true,\"insert\":true,\"isIncrement\":\"1\",\"isInsert\":\"1\",\"isPk\":\"1\",\"isRequired\":\"0\",\"javaField\":\"id\",\"javaType\":\"Long\",\"list\":false,\"params\":{},\"pk\":true,\"query\":false,\"queryType\":\"EQ\",\"required\":false,\"sort\":1,\"superColumn\":false,\"tableId\":4,\"updateBy\":\"\",\"updateTime\":\"2025-05-24 14:43:14\",\"usableColumn\":false},{\"capJavaField\":\"Area\",\"columnComment\":\"\",\"columnId\":17,\"columnName\":\"area\",\"columnType\":\"varchar(100)\",\"createBy\":\"admin\",\"createTime\":\"2025-05-24 00:03:58\",\"dictType\":\"\",\"edit\":true,\"htmlType\":\"input\",\"increment\":false,\"insert\":true,\"isEdit\":\"1\",\"isIncrement\":\"0\",\"isInsert\":\"1\",\"isList\":\"1\",\"isPk\":\"0\",\"isQuery\":\"1\",\"isRequired\":\"1\",\"javaField\":\"area\",\"javaType\":\"String\",\"list\":true,\"params\":{},\"pk\":false,\"query\":true,\"queryType\":\"EQ\",\"required\":true,\"sort\":2,\"superColumn\":false,\"tableId\":4,\"updateBy\":\"\",\"updateTime\":\"2025-05-24 14:43:14\",\"usableColumn\":false},{\"capJavaField\":\"Nums\",\"columnComment\":\"\",\"columnId\":18,\"columnName\":\"nums\",\"columnType\":\"int\",\"createBy\":\"admin\",\"createTime\":\"2025-05-24 00:03:58\",\"dictType\":\"\",\"edit\":true,\"htmlType\":\"input\",\"increment\":false,\"insert\":true,\"isEdit\":\"1\",\"isIncrement\":\"0\",\"isInsert\":\"1\",\"isList\":\"1\",\"isPk\":\"0\",\"isQuery\":\"1\",\"isRequired\":\"0\",\"javaField\":\"nums\",\"javaType\":\"Long\",\"list\":true,\"params\":{},\"pk\":false,\"query\":true,\"queryType\":\"EQ\",\"required\":false,\"sort\":3,\"superColumn\":false,\"tableId\":4,\"updateBy\":\"\",\"updateTime\":\"2025-05-24 14:43:14\",\"usableColumn\":false}],\"crud\":true,\"functionAuthor\":\"ruoyi\",\"functionName\":\"地区\",\"genPath\":\"/\",\"genType\":\"0\",\"moduleName\":\"areas\",\"options\":\"{\\\"parentMenuId\\\":2006}\",\"packageName\":\"com.movie.data\",\"params\":{\"parentMenuId\":2006},\"parentMenuId\":2006,\"sub\":false,\"tableComment\":\"地区表\",\"tableId\":4,\"tableName\":\"areas\",\"tplCategory\"','{\"msg\":\"操作成功\",\"code\":200}',0,NULL,'2025-05-24 14:43:36',15),(163,'代码生成',2,'com.movie.generator.controller.GenController.synchDb()','GET',1,'admin','管理部门','/tool/gen/synchDb/areas','127.0.0.1','内网IP','{}','{\"msg\":\"操作成功\",\"code\":200}',0,NULL,'2025-05-24 14:46:28',26),(164,'代码生成',2,'com.movie.generator.controller.GenController.editSave()','PUT',1,'admin','管理部门','/tool/gen','127.0.0.1','内网IP','{\"businessName\":\"areas\",\"className\":\"Areas\",\"columns\":[{\"capJavaField\":\"Id\",\"columnComment\":\"\",\"columnId\":16,\"columnName\":\"id\",\"columnType\":\"bigint\",\"createBy\":\"admin\",\"createTime\":\"2025-05-24 00:03:58\",\"dictType\":\"\",\"edit\":false,\"htmlType\":\"input\",\"increment\":true,\"insert\":true,\"isIncrement\":\"1\",\"isInsert\":\"1\",\"isPk\":\"1\",\"isRequired\":\"0\",\"javaField\":\"id\",\"javaType\":\"Long\",\"list\":false,\"params\":{},\"pk\":true,\"query\":false,\"queryType\":\"EQ\",\"required\":false,\"sort\":1,\"superColumn\":false,\"tableId\":4,\"updateBy\":\"\",\"updateTime\":\"2025-05-24 14:46:28\",\"usableColumn\":false},{\"capJavaField\":\"Areaname\",\"columnComment\":\"地区名\",\"columnId\":33,\"columnName\":\"areaname\",\"columnType\":\"varchar(100)\",\"createBy\":\"\",\"createTime\":\"2025-05-24 14:46:28\",\"dictType\":\"\",\"edit\":true,\"htmlType\":\"input\",\"increment\":false,\"insert\":true,\"isEdit\":\"1\",\"isIncrement\":\"0\",\"isInsert\":\"1\",\"isList\":\"1\",\"isPk\":\"0\",\"isQuery\":\"1\",\"isRequired\":\"1\",\"javaField\":\"areaname\",\"javaType\":\"String\",\"list\":true,\"params\":{},\"pk\":false,\"query\":true,\"queryType\":\"LIKE\",\"required\":true,\"sort\":2,\"superColumn\":false,\"tableId\":4,\"updateBy\":\"\",\"usableColumn\":false},{\"capJavaField\":\"Novienum\",\"columnComment\":\"地区电影数\",\"columnId\":34,\"columnName\":\"novienum\",\"columnType\":\"int\",\"createBy\":\"\",\"createTime\":\"2025-05-24 14:46:28\",\"dictType\":\"\",\"edit\":true,\"htmlType\":\"input\",\"increment\":false,\"insert\":true,\"isEdit\":\"1\",\"isIncrement\":\"0\",\"isInsert\":\"1\",\"isList\":\"1\",\"isPk\":\"0\",\"isQuery\":\"1\",\"isRequired\":\"0\",\"javaField\":\"novienum\",\"javaType\":\"Long\",\"list\":true,\"params\":{},\"pk\":false,\"query\":true,\"queryType\":\"EQ\",\"required\":false,\"sort\":3,\"superColumn\":false,\"tableId\":4,\"updateBy\":\"\",\"usableColumn\":false}],\"crud\":true,\"functionAuthor\":\"ruoyi\",\"functionName\":\"地区\",\"genPath\":\"/\",\"genType\":\"0\",\"moduleName\":\"areas\",\"options\":\"{\\\"parentMenuId\\\":2006}\",\"packageName\":\"com.movie.data\",\"params\":{\"parentMenuId\":2006},\"parentMenuId\":2006,\"sub\":false,\"tableComment\":\"地区表\",\"tableId\":4,\"tableName\":\"areas\",\"tplCategory\":\"crud\",\"tplWebType\":\"element-ui\",\"tree\":false','{\"msg\":\"操作成功\",\"code\":200}',0,NULL,'2025-05-24 14:46:40',11),(165,'代码生成',8,'com.movie.generator.controller.GenController.batchGenCode()','GET',1,'admin','管理部门','/tool/gen/batchGenCode','127.0.0.1','内网IP','{\"tables\":\"areas\"}',NULL,0,NULL,'2025-05-24 14:46:51',24),(166,'代码生成',8,'com.movie.generator.controller.GenController.batchGenCode()','GET',1,'admin','管理部门','/tool/gen/batchGenCode','127.0.0.1','内网IP','{\"tables\":\"areas\"}',NULL,0,NULL,'2025-05-24 14:46:51',32),(167,'菜单管理',3,'com.movie.web.controller.system.SysMenuController.remove()','DELETE',1,'admin','管理部门','/system/menu/2021','127.0.0.1','内网IP','2021','{\"msg\":\"操作成功\",\"code\":200}',0,NULL,'2025-05-24 14:49:50',18),(168,'菜单管理',3,'com.movie.web.controller.system.SysMenuController.remove()','DELETE',1,'admin','管理部门','/system/menu/2022','127.0.0.1','内网IP','2022','{\"msg\":\"操作成功\",\"code\":200}',0,NULL,'2025-05-24 14:49:52',7),(169,'菜单管理',3,'com.movie.web.controller.system.SysMenuController.remove()','DELETE',1,'admin','管理部门','/system/menu/2023','127.0.0.1','内网IP','2023','{\"msg\":\"操作成功\",\"code\":200}',0,NULL,'2025-05-24 14:49:54',7),(170,'菜单管理',3,'com.movie.web.controller.system.SysMenuController.remove()','DELETE',1,'admin','管理部门','/system/menu/2024','127.0.0.1','内网IP','2024','{\"msg\":\"操作成功\",\"code\":200}',0,NULL,'2025-05-24 14:49:57',7),(171,'菜单管理',3,'com.movie.web.controller.system.SysMenuController.remove()','DELETE',1,'admin','管理部门','/system/menu/2025','127.0.0.1','内网IP','2025','{\"msg\":\"操作成功\",\"code\":200}',0,NULL,'2025-05-24 14:49:59',8),(172,'菜单管理',3,'com.movie.web.controller.system.SysMenuController.remove()','DELETE',1,'admin','管理部门','/system/menu/2020','127.0.0.1','内网IP','2020','{\"msg\":\"操作成功\",\"code\":200}',0,NULL,'2025-05-24 14:50:02',7),(173,'菜单管理',3,'com.movie.web.controller.system.SysMenuController.remove()','DELETE',1,'admin','管理部门','/system/menu/2015','127.0.0.1','内网IP','2015','{\"msg\":\"操作成功\",\"code\":200}',0,NULL,'2025-05-24 14:50:47',7),(174,'菜单管理',3,'com.movie.web.controller.system.SysMenuController.remove()','DELETE',1,'admin','管理部门','/system/menu/2016','127.0.0.1','内网IP','2016','{\"msg\":\"操作成功\",\"code\":200}',0,NULL,'2025-05-24 14:50:50',7),(175,'菜单管理',3,'com.movie.web.controller.system.SysMenuController.remove()','DELETE',1,'admin','管理部门','/system/menu/2017','127.0.0.1','内网IP','2017','{\"msg\":\"操作成功\",\"code\":200}',0,NULL,'2025-05-24 14:50:53',7),(176,'菜单管理',3,'com.movie.web.controller.system.SysMenuController.remove()','DELETE',1,'admin','管理部门','/system/menu/2018','127.0.0.1','内网IP','2018','{\"msg\":\"操作成功\",\"code\":200}',0,NULL,'2025-05-24 14:50:55',7),(177,'菜单管理',3,'com.movie.web.controller.system.SysMenuController.remove()','DELETE',1,'admin','管理部门','/system/menu/2019','127.0.0.1','内网IP','2019','{\"msg\":\"操作成功\",\"code\":200}',0,NULL,'2025-05-24 14:50:59',7),(178,'菜单管理',3,'com.movie.web.controller.system.SysMenuController.remove()','DELETE',1,'admin','管理部门','/system/menu/2014','127.0.0.1','内网IP','2014','{\"msg\":\"操作成功\",\"code\":200}',0,NULL,'2025-05-24 14:51:02',6),(179,'地区',1,'com.movie.data.controller.AreasController.add()','POST',1,'admin','管理部门','/areas/areas','127.0.0.1','内网IP','{\"areaname\":\"12\",\"id\":1,\"novienum\":32,\"params\":{}}','{\"msg\":\"操作成功\",\"code\":200}',0,NULL,'2025-05-24 14:51:41',8),(180,'地区',3,'com.movie.data.controller.AreasController.remove()','DELETE',1,'admin','管理部门','/areas/areas/1','127.0.0.1','内网IP','[1]','{\"msg\":\"操作成功\",\"code\":200}',0,NULL,'2025-05-24 14:51:45',6),(181,'菜单管理',2,'com.movie.web.controller.system.SysMenuController.edit()','PUT',1,'admin','管理部门','/system/menu','127.0.0.1','内网IP','{\"children\":[],\"component\":\"areas/areas/index\",\"createTime\":\"2025-05-24 14:51:19\",\"icon\":\"build\",\"isCache\":\"0\",\"isFrame\":\"1\",\"menuId\":2026,\"menuName\":\"地区表\",\"menuType\":\"C\",\"orderNum\":1,\"params\":{},\"parentId\":2006,\"path\":\"areas\",\"perms\":\"areas:areas:list\",\"routeName\":\"\",\"status\":\"0\",\"updateBy\":\"admin\",\"visible\":\"0\"}','{\"msg\":\"操作成功\",\"code\":200}',0,NULL,'2025-05-24 15:06:56',14),(182,'代码生成',2,'com.movie.generator.controller.GenController.synchDb()','GET',1,'admin','管理部门','/tool/gen/synchDb/genres','127.0.0.1','内网IP','{}','{\"msg\":\"操作成功\",\"code\":200}',0,NULL,'2025-05-24 15:08:57',30),(183,'代码生成',2,'com.movie.generator.controller.GenController.editSave()','PUT',1,'admin','管理部门','/tool/gen','127.0.0.1','内网IP','{\"businessName\":\"genres\",\"className\":\"Genres\",\"columns\":[{\"capJavaField\":\"Id\",\"columnComment\":\"\",\"columnId\":19,\"columnName\":\"id\",\"columnType\":\"bigint\",\"createBy\":\"admin\",\"createTime\":\"2025-05-24 00:03:58\",\"dictType\":\"\",\"edit\":false,\"htmlType\":\"input\",\"increment\":true,\"insert\":true,\"isIncrement\":\"1\",\"isInsert\":\"1\",\"isPk\":\"1\",\"isRequired\":\"0\",\"javaField\":\"id\",\"javaType\":\"Long\",\"list\":false,\"params\":{},\"pk\":true,\"query\":false,\"queryType\":\"EQ\",\"required\":false,\"sort\":1,\"superColumn\":false,\"tableId\":5,\"updateBy\":\"\",\"updateTime\":\"2025-05-24 15:08:57\",\"usableColumn\":false},{\"capJavaField\":\"Type\",\"columnComment\":\"电影类别\",\"columnId\":20,\"columnName\":\"type\",\"columnType\":\"varchar(100)\",\"createBy\":\"admin\",\"createTime\":\"2025-05-24 00:03:58\",\"dictType\":\"\",\"edit\":true,\"htmlType\":\"select\",\"increment\":false,\"insert\":true,\"isEdit\":\"1\",\"isIncrement\":\"0\",\"isInsert\":\"1\",\"isList\":\"1\",\"isPk\":\"0\",\"isQuery\":\"1\",\"isRequired\":\"1\",\"javaField\":\"type\",\"javaType\":\"String\",\"list\":true,\"params\":{},\"pk\":false,\"query\":true,\"queryType\":\"EQ\",\"required\":true,\"sort\":2,\"superColumn\":false,\"tableId\":5,\"updateBy\":\"\",\"updateTime\":\"2025-05-24 15:08:57\",\"usableColumn\":false},{\"capJavaField\":\"Nums\",\"columnComment\":\"类别数量\",\"columnId\":21,\"columnName\":\"nums\",\"columnType\":\"int\",\"createBy\":\"admin\",\"createTime\":\"2025-05-24 00:03:58\",\"dictType\":\"\",\"edit\":true,\"htmlType\":\"input\",\"increment\":false,\"insert\":true,\"isEdit\":\"1\",\"isIncrement\":\"0\",\"isInsert\":\"1\",\"isList\":\"1\",\"isPk\":\"0\",\"isQuery\":\"1\",\"isRequired\":\"0\",\"javaField\":\"nums\",\"javaType\":\"Long\",\"list\":true,\"params\":{},\"pk\":false,\"query\":true,\"queryType\":\"EQ\",\"required\":false,\"sort\":3,\"superColumn\":false,\"tableId\":5,\"updateBy\":\"\",\"updateTime\":\"2025-05-24 15:08:57\",\"usableColumn\":false}],\"crud\":true,\"functionAuthor\":\"ruoyi\",\"functionName\":\"类别表\",\"genPath\":\"/\",\"genType\":\"0\",\"moduleName\":\"genres\",\"options\":\"{\\\"parentMenuId\\\":2006}\",\"packageName\":\"com.movie.data\",\"params\":{\"parentMenuId\":2006},\"parentMenuId\":2006,\"sub\":false,\"tableComment\":\"类别表\",\"tableId\":5,\"tableName\":\"genres\"','{\"msg\":\"操作成功\",\"code\":200}',0,NULL,'2025-05-24 15:09:45',23),(184,'代码生成',2,'com.movie.generator.controller.GenController.editSave()','PUT',1,'admin','管理部门','/tool/gen','127.0.0.1','内网IP','{\"businessName\":\"genres\",\"className\":\"Genres\",\"columns\":[{\"capJavaField\":\"Id\",\"columnComment\":\"\",\"columnId\":19,\"columnName\":\"id\",\"columnType\":\"bigint\",\"createBy\":\"admin\",\"createTime\":\"2025-05-24 00:03:58\",\"dictType\":\"\",\"edit\":false,\"htmlType\":\"input\",\"increment\":true,\"insert\":true,\"isIncrement\":\"1\",\"isInsert\":\"1\",\"isPk\":\"1\",\"isRequired\":\"0\",\"javaField\":\"id\",\"javaType\":\"Long\",\"list\":false,\"params\":{},\"pk\":true,\"query\":false,\"queryType\":\"EQ\",\"required\":false,\"sort\":1,\"superColumn\":false,\"tableId\":5,\"updateBy\":\"\",\"updateTime\":\"2025-05-24 15:09:45\",\"usableColumn\":false},{\"capJavaField\":\"Type\",\"columnComment\":\"电影类别\",\"columnId\":20,\"columnName\":\"type\",\"columnType\":\"varchar(100)\",\"createBy\":\"admin\",\"createTime\":\"2025-05-24 00:03:58\",\"dictType\":\"\",\"edit\":true,\"htmlType\":\"select\",\"increment\":false,\"insert\":true,\"isEdit\":\"1\",\"isIncrement\":\"0\",\"isInsert\":\"1\",\"isList\":\"1\",\"isPk\":\"0\",\"isQuery\":\"1\",\"isRequired\":\"1\",\"javaField\":\"type\",\"javaType\":\"String\",\"list\":true,\"params\":{},\"pk\":false,\"query\":true,\"queryType\":\"EQ\",\"required\":true,\"sort\":2,\"superColumn\":false,\"tableId\":5,\"updateBy\":\"\",\"updateTime\":\"2025-05-24 15:09:45\",\"usableColumn\":false},{\"capJavaField\":\"Nums\",\"columnComment\":\"类别数量\",\"columnId\":21,\"columnName\":\"nums\",\"columnType\":\"int\",\"createBy\":\"admin\",\"createTime\":\"2025-05-24 00:03:58\",\"dictType\":\"\",\"edit\":true,\"htmlType\":\"input\",\"increment\":false,\"insert\":true,\"isEdit\":\"1\",\"isIncrement\":\"0\",\"isInsert\":\"1\",\"isList\":\"1\",\"isPk\":\"0\",\"isQuery\":\"1\",\"isRequired\":\"0\",\"javaField\":\"nums\",\"javaType\":\"Long\",\"list\":true,\"params\":{},\"pk\":false,\"query\":true,\"queryType\":\"EQ\",\"required\":false,\"sort\":3,\"superColumn\":false,\"tableId\":5,\"updateBy\":\"\",\"updateTime\":\"2025-05-24 15:09:45\",\"usableColumn\":false}],\"crud\":true,\"functionAuthor\":\"ruoyi\",\"functionName\":\"类别表\",\"genPath\":\"/\",\"genType\":\"0\",\"moduleName\":\"genres\",\"options\":\"{\\\"parentMenuId\\\":2006}\",\"packageName\":\"com.movie.data\",\"params\":{\"parentMenuId\":2006},\"parentMenuId\":2006,\"sub\":false,\"tableComment\":\"类别表\",\"tableId\":5,\"tableName\":\"genres\"','{\"msg\":\"操作成功\",\"code\":200}',0,NULL,'2025-05-24 15:10:05',11),(185,'代码生成',8,'com.movie.generator.controller.GenController.batchGenCode()','GET',1,'admin','管理部门','/tool/gen/batchGenCode','127.0.0.1','内网IP','{\"tables\":\"genres\"}',NULL,0,NULL,'2025-05-24 15:10:09',126),(186,'代码生成',8,'com.movie.generator.controller.GenController.batchGenCode()','GET',1,'admin','管理部门','/tool/gen/batchGenCode','127.0.0.1','内网IP','{\"tables\":\"genres\"}',NULL,0,NULL,'2025-05-24 15:10:09',49),(187,'菜单管理',2,'com.movie.web.controller.system.SysMenuController.edit()','PUT',1,'admin','管理部门','/system/menu','127.0.0.1','内网IP','{\"children\":[],\"component\":\"genres/genres/index\",\"createTime\":\"2025-05-24 15:10:46\",\"icon\":\"build\",\"isCache\":\"0\",\"isFrame\":\"1\",\"menuId\":2032,\"menuName\":\"类别表\",\"menuType\":\"C\",\"orderNum\":1,\"params\":{},\"parentId\":2006,\"path\":\"genres\",\"perms\":\"genres:genres:list\",\"routeName\":\"\",\"status\":\"0\",\"updateBy\":\"admin\",\"visible\":\"0\"}','{\"msg\":\"操作成功\",\"code\":200}',0,NULL,'2025-05-24 15:13:22',23),(188,'代码生成',2,'com.movie.generator.controller.GenController.editSave()','PUT',1,'admin','管理部门','/tool/gen','127.0.0.1','内网IP','{\"businessName\":\"genres\",\"className\":\"Genres\",\"columns\":[{\"capJavaField\":\"Id\",\"columnComment\":\"\",\"columnId\":19,\"columnName\":\"id\",\"columnType\":\"bigint\",\"createBy\":\"admin\",\"createTime\":\"2025-05-24 00:03:58\",\"dictType\":\"\",\"edit\":false,\"htmlType\":\"input\",\"increment\":true,\"insert\":true,\"isIncrement\":\"1\",\"isInsert\":\"1\",\"isPk\":\"1\",\"isRequired\":\"0\",\"javaField\":\"id\",\"javaType\":\"Long\",\"list\":false,\"params\":{},\"pk\":true,\"query\":false,\"queryType\":\"EQ\",\"required\":false,\"sort\":1,\"superColumn\":false,\"tableId\":5,\"updateBy\":\"\",\"updateTime\":\"2025-05-24 15:10:05\",\"usableColumn\":false},{\"capJavaField\":\"Type\",\"columnComment\":\"电影类别\",\"columnId\":20,\"columnName\":\"type\",\"columnType\":\"varchar(100)\",\"createBy\":\"admin\",\"createTime\":\"2025-05-24 00:03:58\",\"dictType\":\"\",\"edit\":true,\"htmlType\":\"input\",\"increment\":false,\"insert\":true,\"isEdit\":\"1\",\"isIncrement\":\"0\",\"isInsert\":\"1\",\"isList\":\"1\",\"isPk\":\"0\",\"isQuery\":\"1\",\"isRequired\":\"1\",\"javaField\":\"type\",\"javaType\":\"String\",\"list\":true,\"params\":{},\"pk\":false,\"query\":true,\"queryType\":\"LIKE\",\"required\":true,\"sort\":2,\"superColumn\":false,\"tableId\":5,\"updateBy\":\"\",\"updateTime\":\"2025-05-24 15:10:05\",\"usableColumn\":false},{\"capJavaField\":\"Nums\",\"columnComment\":\"类别数量\",\"columnId\":21,\"columnName\":\"nums\",\"columnType\":\"int\",\"createBy\":\"admin\",\"createTime\":\"2025-05-24 00:03:58\",\"dictType\":\"\",\"edit\":true,\"htmlType\":\"input\",\"increment\":false,\"insert\":true,\"isEdit\":\"1\",\"isIncrement\":\"0\",\"isInsert\":\"1\",\"isList\":\"1\",\"isPk\":\"0\",\"isQuery\":\"1\",\"isRequired\":\"0\",\"javaField\":\"nums\",\"javaType\":\"Long\",\"list\":true,\"params\":{},\"pk\":false,\"query\":true,\"queryType\":\"EQ\",\"required\":false,\"sort\":3,\"superColumn\":false,\"tableId\":5,\"updateBy\":\"\",\"updateTime\":\"2025-05-24 15:10:05\",\"usableColumn\":false}],\"crud\":true,\"functionAuthor\":\"ruoyi\",\"functionName\":\"类别表\",\"genPath\":\"/\",\"genType\":\"0\",\"moduleName\":\"genres\",\"options\":\"{\\\"parentMenuId\\\":2006}\",\"packageName\":\"com.movie.data\",\"params\":{\"parentMenuId\":2006},\"parentMenuId\":2006,\"sub\":false,\"tableComment\":\"类别表\",\"tableId\":5,\"tableName\":\"genres','{\"msg\":\"操作成功\",\"code\":200}',0,NULL,'2025-05-24 15:28:29',35),(189,'代码生成',2,'com.movie.generator.controller.GenController.editSave()','PUT',1,'admin','管理部门','/tool/gen','127.0.0.1','内网IP','{\"businessName\":\"genres\",\"className\":\"Genres\",\"columns\":[{\"capJavaField\":\"Id\",\"columnComment\":\"\",\"columnId\":19,\"columnName\":\"id\",\"columnType\":\"bigint\",\"createBy\":\"admin\",\"createTime\":\"2025-05-24 00:03:58\",\"dictType\":\"\",\"edit\":false,\"htmlType\":\"input\",\"increment\":true,\"insert\":true,\"isIncrement\":\"1\",\"isInsert\":\"1\",\"isPk\":\"1\",\"isRequired\":\"0\",\"javaField\":\"id\",\"javaType\":\"Long\",\"list\":false,\"params\":{},\"pk\":true,\"query\":false,\"queryType\":\"EQ\",\"required\":false,\"sort\":1,\"superColumn\":false,\"tableId\":5,\"updateBy\":\"\",\"updateTime\":\"2025-05-24 15:28:29\",\"usableColumn\":false},{\"capJavaField\":\"Type\",\"columnComment\":\"电影类别\",\"columnId\":20,\"columnName\":\"type\",\"columnType\":\"varchar(100)\",\"createBy\":\"admin\",\"createTime\":\"2025-05-24 00:03:58\",\"dictType\":\"\",\"edit\":true,\"htmlType\":\"input\",\"increment\":false,\"insert\":true,\"isEdit\":\"1\",\"isIncrement\":\"0\",\"isInsert\":\"1\",\"isList\":\"1\",\"isPk\":\"0\",\"isQuery\":\"1\",\"isRequired\":\"1\",\"javaField\":\"type\",\"javaType\":\"String\",\"list\":true,\"params\":{},\"pk\":false,\"query\":true,\"queryType\":\"LIKE\",\"required\":true,\"sort\":2,\"superColumn\":false,\"tableId\":5,\"updateBy\":\"\",\"updateTime\":\"2025-05-24 15:28:29\",\"usableColumn\":false},{\"capJavaField\":\"Nums\",\"columnComment\":\"类别数量\",\"columnId\":21,\"columnName\":\"nums\",\"columnType\":\"int\",\"createBy\":\"admin\",\"createTime\":\"2025-05-24 00:03:58\",\"dictType\":\"\",\"edit\":true,\"htmlType\":\"input\",\"increment\":false,\"insert\":true,\"isEdit\":\"1\",\"isIncrement\":\"0\",\"isInsert\":\"1\",\"isList\":\"1\",\"isPk\":\"0\",\"isQuery\":\"1\",\"isRequired\":\"0\",\"javaField\":\"nums\",\"javaType\":\"Long\",\"list\":true,\"params\":{},\"pk\":false,\"query\":true,\"queryType\":\"EQ\",\"required\":false,\"sort\":3,\"superColumn\":false,\"tableId\":5,\"updateBy\":\"\",\"updateTime\":\"2025-05-24 15:28:29\",\"usableColumn\":false}],\"crud\":true,\"functionAuthor\":\"ruoyi\",\"functionName\":\"类别表\",\"genPath\":\"/\",\"genType\":\"0\",\"moduleName\":\"genres\",\"options\":\"{\\\"parentMenuId\\\":2006}\",\"packageName\":\"com.movie.data\",\"params\":{\"parentMenuId\":2006},\"parentMenuId\":2006,\"sub\":false,\"tableComment\":\"类别表\",\"tableId\":5,\"tableName\":\"genres','{\"msg\":\"操作成功\",\"code\":200}',0,NULL,'2025-05-24 15:28:56',10),(190,'代码生成',8,'com.movie.generator.controller.GenController.batchGenCode()','GET',1,'admin','管理部门','/tool/gen/batchGenCode','127.0.0.1','内网IP','{\"tables\":\"genres\"}',NULL,0,NULL,'2025-05-24 15:29:01',148),(191,'代码生成',8,'com.movie.generator.controller.GenController.batchGenCode()','GET',1,'admin','管理部门','/tool/gen/batchGenCode','127.0.0.1','内网IP','{\"tables\":\"genres\"}',NULL,0,NULL,'2025-05-24 15:29:01',48),(192,'代码生成',2,'com.movie.generator.controller.GenController.editSave()','PUT',1,'admin','管理部门','/tool/gen','127.0.0.1','内网IP','{\"businessName\":\"users\",\"className\":\"Users\",\"columns\":[{\"capJavaField\":\"Id\",\"columnComment\":\"id\",\"columnId\":22,\"columnName\":\"id\",\"columnType\":\"bigint\",\"createBy\":\"admin\",\"createTime\":\"2025-05-24 00:03:58\",\"dictType\":\"\",\"edit\":false,\"htmlType\":\"input\",\"increment\":true,\"insert\":true,\"isIncrement\":\"1\",\"isInsert\":\"1\",\"isPk\":\"1\",\"isRequired\":\"0\",\"javaField\":\"id\",\"javaType\":\"Long\",\"list\":false,\"params\":{},\"pk\":true,\"query\":false,\"queryType\":\"EQ\",\"required\":false,\"sort\":1,\"superColumn\":false,\"tableId\":6,\"updateBy\":\"\",\"usableColumn\":false},{\"capJavaField\":\"Username\",\"columnComment\":\"账户\",\"columnId\":23,\"columnName\":\"username\",\"columnType\":\"varchar(50)\",\"createBy\":\"admin\",\"createTime\":\"2025-05-24 00:03:58\",\"dictType\":\"\",\"edit\":true,\"htmlType\":\"input\",\"increment\":false,\"insert\":true,\"isEdit\":\"1\",\"isIncrement\":\"0\",\"isInsert\":\"1\",\"isList\":\"1\",\"isPk\":\"0\",\"isQuery\":\"1\",\"isRequired\":\"1\",\"javaField\":\"username\",\"javaType\":\"String\",\"list\":true,\"params\":{},\"pk\":false,\"query\":true,\"queryType\":\"LIKE\",\"required\":true,\"sort\":2,\"superColumn\":false,\"tableId\":6,\"updateBy\":\"\",\"usableColumn\":false},{\"capJavaField\":\"Password\",\"columnComment\":\"密码\",\"columnId\":24,\"columnName\":\"password\",\"columnType\":\"varchar(100)\",\"createBy\":\"admin\",\"createTime\":\"2025-05-24 00:03:58\",\"dictType\":\"\",\"edit\":true,\"htmlType\":\"input\",\"increment\":false,\"insert\":true,\"isEdit\":\"1\",\"isIncrement\":\"0\",\"isInsert\":\"1\",\"isList\":\"1\",\"isPk\":\"0\",\"isQuery\":\"0\",\"isRequired\":\"1\",\"javaField\":\"password\",\"javaType\":\"String\",\"list\":true,\"params\":{},\"pk\":false,\"query\":false,\"queryType\":\"EQ\",\"required\":true,\"sort\":3,\"superColumn\":false,\"tableId\":6,\"updateBy\":\"\",\"usableColumn\":false},{\"capJavaField\":\"Email\",\"columnComment\":\"邮箱\",\"columnId\":25,\"columnName\":\"email\",\"columnType\":\"varchar(100)\",\"createBy\":\"admin\",\"createTime\":\"2025-05-24 00:03:58\",\"dictType\":\"\",\"edit\":true,\"htmlType\":\"input\",\"increment\":false,\"insert\":true,\"isEdit\":\"1\",\"isIncrement\":\"0\",\"isInsert\":\"1\",\"isList\":\"1\",\"isPk\":\"0\",\"isQuery\":\"1\",\"isRequired\":\"0\",\"javaField\":\"email\",\"javaT','{\"msg\":\"操作成功\",\"code\":200}',0,NULL,'2025-05-24 15:38:44',31),(193,'代码生成',2,'com.movie.generator.controller.GenController.editSave()','PUT',1,'admin','管理部门','/tool/gen','127.0.0.1','内网IP','{\"businessName\":\"users\",\"className\":\"Users\",\"columns\":[{\"capJavaField\":\"Id\",\"columnComment\":\"id\",\"columnId\":22,\"columnName\":\"id\",\"columnType\":\"bigint\",\"createBy\":\"admin\",\"createTime\":\"2025-05-24 00:03:58\",\"dictType\":\"\",\"edit\":false,\"htmlType\":\"input\",\"increment\":true,\"insert\":true,\"isIncrement\":\"1\",\"isInsert\":\"1\",\"isPk\":\"1\",\"isRequired\":\"0\",\"javaField\":\"id\",\"javaType\":\"Long\",\"list\":false,\"params\":{},\"pk\":true,\"query\":false,\"queryType\":\"EQ\",\"required\":false,\"sort\":1,\"superColumn\":false,\"tableId\":6,\"updateBy\":\"\",\"updateTime\":\"2025-05-24 15:38:44\",\"usableColumn\":false},{\"capJavaField\":\"Username\",\"columnComment\":\"账户\",\"columnId\":23,\"columnName\":\"username\",\"columnType\":\"varchar(50)\",\"createBy\":\"admin\",\"createTime\":\"2025-05-24 00:03:58\",\"dictType\":\"\",\"edit\":true,\"htmlType\":\"input\",\"increment\":false,\"insert\":true,\"isEdit\":\"1\",\"isIncrement\":\"0\",\"isInsert\":\"1\",\"isList\":\"1\",\"isPk\":\"0\",\"isQuery\":\"1\",\"isRequired\":\"1\",\"javaField\":\"username\",\"javaType\":\"String\",\"list\":true,\"params\":{},\"pk\":false,\"query\":true,\"queryType\":\"LIKE\",\"required\":true,\"sort\":2,\"superColumn\":false,\"tableId\":6,\"updateBy\":\"\",\"updateTime\":\"2025-05-24 15:38:44\",\"usableColumn\":false},{\"capJavaField\":\"Password\",\"columnComment\":\"密码\",\"columnId\":24,\"columnName\":\"password\",\"columnType\":\"varchar(100)\",\"createBy\":\"admin\",\"createTime\":\"2025-05-24 00:03:58\",\"dictType\":\"\",\"edit\":true,\"htmlType\":\"input\",\"increment\":false,\"insert\":true,\"isEdit\":\"1\",\"isIncrement\":\"0\",\"isInsert\":\"1\",\"isList\":\"1\",\"isPk\":\"0\",\"isQuery\":\"0\",\"isRequired\":\"1\",\"javaField\":\"password\",\"javaType\":\"String\",\"list\":true,\"params\":{},\"pk\":false,\"query\":false,\"queryType\":\"EQ\",\"required\":true,\"sort\":3,\"superColumn\":false,\"tableId\":6,\"updateBy\":\"\",\"updateTime\":\"2025-05-24 15:38:44\",\"usableColumn\":false},{\"capJavaField\":\"Email\",\"columnComment\":\"邮箱\",\"columnId\":25,\"columnName\":\"email\",\"columnType\":\"varchar(100)\",\"createBy\":\"admin\",\"createTime\":\"2025-05-24 00:03:58\",\"dictType\":\"\",\"edit\":true,\"htmlType\":\"input\",\"increment\":false,\"insert\":true,\"isEdit\":\"1\",\"isIncrem','{\"msg\":\"操作成功\",\"code\":200}',0,NULL,'2025-05-24 15:39:14',17),(194,'代码生成',8,'com.movie.generator.controller.GenController.batchGenCode()','GET',1,'admin','管理部门','/tool/gen/batchGenCode','127.0.0.1','内网IP','{\"tables\":\"users\"}',NULL,0,NULL,'2025-05-24 15:39:18',64),(195,'代码生成',8,'com.movie.generator.controller.GenController.batchGenCode()','GET',1,'admin','管理部门','/tool/gen/batchGenCode','127.0.0.1','内网IP','{\"tables\":\"users\"}',NULL,0,NULL,'2025-05-24 15:39:18',39),(196,'用户表',1,'com.movie.data.controller.UsersController.add()','POST',1,'admin','管理部门','/users/users','127.0.0.1','内网IP','{\"email\":\"321\",\"id\":1,\"params\":{},\"phone\":\"312\",\"username\":\"321\"}','{\"msg\":\"操作成功\",\"code\":200}',0,NULL,'2025-05-24 15:42:36',87),(197,'用户表',3,'com.movie.data.controller.UsersController.remove()','DELETE',1,'admin','管理部门','/users/users/1','127.0.0.1','内网IP','[1]','{\"msg\":\"操作成功\",\"code\":200}',0,NULL,'2025-05-24 15:42:49',9),(198,'字典类型',1,'com.movie.web.controller.system.SysDictTypeController.add()','POST',1,'admin','管理部门','/system/dict/type','127.0.0.1','内网IP','{\"createBy\":\"admin\",\"dictName\":\"vip\",\"dictType\":\"is_vip\",\"params\":{},\"remark\":\"是否是vip（0否1是\",\"status\":\"0\"}','{\"msg\":\"操作成功\",\"code\":200}',0,NULL,'2025-05-24 15:45:28',12),(199,'字典数据',1,'com.movie.web.controller.system.SysDictDataController.add()','POST',1,'admin','管理部门','/system/dict/data','127.0.0.1','内网IP','{\"createBy\":\"admin\",\"cssClass\":\"否\",\"default\":false,\"dictLabel\":\"否\",\"dictSort\":0,\"dictType\":\"is_vip\",\"dictValue\":\"0\",\"listClass\":\"default\",\"params\":{},\"status\":\"0\"}','{\"msg\":\"操作成功\",\"code\":200}',0,NULL,'2025-05-24 15:46:16',9),(200,'字典数据',2,'com.movie.web.controller.system.SysDictDataController.edit()','PUT',1,'admin','管理部门','/system/dict/data','127.0.0.1','内网IP','{\"createBy\":\"admin\",\"createTime\":\"2025-05-24 15:46:16\",\"cssClass\":\"1\",\"default\":false,\"dictCode\":100,\"dictLabel\":\"否\",\"dictSort\":0,\"dictType\":\"is_vip\",\"dictValue\":\"0\",\"isDefault\":\"N\",\"listClass\":\"default\",\"params\":{},\"status\":\"0\",\"updateBy\":\"admin\"}','{\"msg\":\"操作成功\",\"code\":200}',0,NULL,'2025-05-24 15:46:29',9),(201,'字典数据',2,'com.movie.web.controller.system.SysDictDataController.edit()','PUT',1,'admin','管理部门','/system/dict/data','127.0.0.1','内网IP','{\"createBy\":\"admin\",\"createTime\":\"2025-05-24 15:46:16\",\"cssClass\":\"\",\"default\":false,\"dictCode\":100,\"dictLabel\":\"否\",\"dictSort\":1,\"dictType\":\"is_vip\",\"dictValue\":\"0\",\"isDefault\":\"N\",\"listClass\":\"default\",\"params\":{},\"status\":\"0\",\"updateBy\":\"admin\"}','{\"msg\":\"操作成功\",\"code\":200}',0,NULL,'2025-05-24 15:46:57',6),(202,'字典数据',1,'com.movie.web.controller.system.SysDictDataController.add()','POST',1,'admin','管理部门','/system/dict/data','127.0.0.1','内网IP','{\"createBy\":\"admin\",\"default\":false,\"dictLabel\":\"是\",\"dictSort\":2,\"dictType\":\"is_vip\",\"dictValue\":\"1\",\"listClass\":\"default\",\"params\":{},\"status\":\"0\"}','{\"msg\":\"操作成功\",\"code\":200}',0,NULL,'2025-05-24 15:47:08',7),(203,'字典类型',2,'com.movie.web.controller.system.SysDictTypeController.edit()','PUT',1,'admin','管理部门','/system/dict/type','127.0.0.1','内网IP','{\"createBy\":\"admin\",\"createTime\":\"2025-05-24 15:45:28\",\"dictId\":100,\"dictName\":\"vip状态\",\"dictType\":\"is_vip\",\"params\":{},\"remark\":\"是否是vip（0否1是\",\"status\":\"0\",\"updateBy\":\"admin\"}','{\"msg\":\"操作成功\",\"code\":200}',0,NULL,'2025-05-24 15:48:09',21),(204,'代码生成',2,'com.movie.generator.controller.GenController.editSave()','PUT',1,'admin','管理部门','/tool/gen','127.0.0.1','内网IP','{\"businessName\":\"users\",\"className\":\"Users\",\"columns\":[{\"capJavaField\":\"Id\",\"columnComment\":\"id\",\"columnId\":22,\"columnName\":\"id\",\"columnType\":\"bigint\",\"createBy\":\"admin\",\"createTime\":\"2025-05-24 00:03:58\",\"dictType\":\"\",\"edit\":false,\"htmlType\":\"input\",\"increment\":true,\"insert\":true,\"isIncrement\":\"1\",\"isInsert\":\"1\",\"isPk\":\"1\",\"isRequired\":\"0\",\"javaField\":\"id\",\"javaType\":\"Long\",\"list\":false,\"params\":{},\"pk\":true,\"query\":false,\"queryType\":\"EQ\",\"required\":false,\"sort\":1,\"superColumn\":false,\"tableId\":6,\"updateBy\":\"\",\"updateTime\":\"2025-05-24 15:39:14\",\"usableColumn\":false},{\"capJavaField\":\"Username\",\"columnComment\":\"账户\",\"columnId\":23,\"columnName\":\"username\",\"columnType\":\"varchar(50)\",\"createBy\":\"admin\",\"createTime\":\"2025-05-24 00:03:58\",\"dictType\":\"\",\"edit\":true,\"htmlType\":\"input\",\"increment\":false,\"insert\":true,\"isEdit\":\"1\",\"isIncrement\":\"0\",\"isInsert\":\"1\",\"isList\":\"1\",\"isPk\":\"0\",\"isQuery\":\"1\",\"isRequired\":\"1\",\"javaField\":\"username\",\"javaType\":\"String\",\"list\":true,\"params\":{},\"pk\":false,\"query\":true,\"queryType\":\"LIKE\",\"required\":true,\"sort\":2,\"superColumn\":false,\"tableId\":6,\"updateBy\":\"\",\"updateTime\":\"2025-05-24 15:39:14\",\"usableColumn\":false},{\"capJavaField\":\"Password\",\"columnComment\":\"密码\",\"columnId\":24,\"columnName\":\"password\",\"columnType\":\"varchar(100)\",\"createBy\":\"admin\",\"createTime\":\"2025-05-24 00:03:58\",\"dictType\":\"\",\"edit\":true,\"htmlType\":\"input\",\"increment\":false,\"insert\":true,\"isEdit\":\"1\",\"isIncrement\":\"0\",\"isInsert\":\"1\",\"isList\":\"1\",\"isPk\":\"0\",\"isQuery\":\"0\",\"isRequired\":\"1\",\"javaField\":\"password\",\"javaType\":\"String\",\"list\":true,\"params\":{},\"pk\":false,\"query\":false,\"queryType\":\"EQ\",\"required\":true,\"sort\":3,\"superColumn\":false,\"tableId\":6,\"updateBy\":\"\",\"updateTime\":\"2025-05-24 15:39:14\",\"usableColumn\":false},{\"capJavaField\":\"Email\",\"columnComment\":\"邮箱\",\"columnId\":25,\"columnName\":\"email\",\"columnType\":\"varchar(100)\",\"createBy\":\"admin\",\"createTime\":\"2025-05-24 00:03:58\",\"dictType\":\"\",\"edit\":true,\"htmlType\":\"input\",\"increment\":false,\"insert\":true,\"isEdit\":\"1\",\"isIncrem','{\"msg\":\"操作成功\",\"code\":200}',0,NULL,'2025-05-24 15:48:38',34),(205,'代码生成',8,'com.movie.generator.controller.GenController.batchGenCode()','GET',1,'admin','管理部门','/tool/gen/batchGenCode','127.0.0.1','内网IP','{\"tables\":\"users\"}',NULL,0,NULL,'2025-05-24 15:48:42',134),(206,'代码生成',8,'com.movie.generator.controller.GenController.batchGenCode()','GET',1,'admin','管理部门','/tool/gen/batchGenCode','127.0.0.1','内网IP','{\"tables\":\"users\"}',NULL,0,NULL,'2025-05-24 15:48:43',55),(207,'用户表',1,'com.movie.data.controller.UsersController.add()','POST',1,'admin','管理部门','/users/users','127.0.0.1','内网IP','{\"email\":\"eqw\",\"gender\":0,\"id\":2,\"params\":{},\"phone\":\"eqw\",\"userType\":1,\"username\":\"eqw\"}','{\"msg\":\"操作成功\",\"code\":200}',0,NULL,'2025-05-24 15:51:54',88),(208,'用户表',3,'com.movie.data.controller.UsersController.remove()','DELETE',1,'admin','管理部门','/users/users/2','127.0.0.1','内网IP','[2]','{\"msg\":\"操作成功\",\"code\":200}',0,NULL,'2025-05-24 15:52:30',6),(209,'字典类型',1,'com.movie.web.controller.system.SysDictTypeController.add()','POST',1,'admin','管理部门','/system/dict/type','127.0.0.1','内网IP','{\"createBy\":\"admin\",\"dictName\":\"用户性别(自己\",\"dictType\":\"sex\",\"params\":{},\"status\":\"0\"}','{\"msg\":\"操作成功\",\"code\":200}',0,NULL,'2025-05-24 15:53:10',9),(210,'字典数据',1,'com.movie.web.controller.system.SysDictDataController.add()','POST',1,'admin','管理部门','/system/dict/data','127.0.0.1','内网IP','{\"createBy\":\"admin\",\"default\":false,\"dictLabel\":\"男\",\"dictSort\":1,\"dictType\":\"sex\",\"dictValue\":\"0\",\"listClass\":\"default\",\"params\":{},\"status\":\"0\"}','{\"msg\":\"操作成功\",\"code\":200}',0,NULL,'2025-05-24 15:53:31',9),(211,'字典数据',1,'com.movie.web.controller.system.SysDictDataController.add()','POST',1,'admin','管理部门','/system/dict/data','127.0.0.1','内网IP','{\"createBy\":\"admin\",\"default\":false,\"dictLabel\":\"女\",\"dictSort\":2,\"dictType\":\"sex\",\"dictValue\":\"1\",\"listClass\":\"default\",\"params\":{},\"status\":\"0\"}','{\"msg\":\"操作成功\",\"code\":200}',0,NULL,'2025-05-24 15:53:38',8),(212,'代码生成',2,'com.movie.generator.controller.GenController.editSave()','PUT',1,'admin','管理部门','/tool/gen','127.0.0.1','内网IP','{\"businessName\":\"users\",\"className\":\"Users\",\"columns\":[{\"capJavaField\":\"Id\",\"columnComment\":\"id\",\"columnId\":22,\"columnName\":\"id\",\"columnType\":\"bigint\",\"createBy\":\"admin\",\"createTime\":\"2025-05-24 00:03:58\",\"dictType\":\"\",\"edit\":false,\"htmlType\":\"input\",\"increment\":true,\"insert\":true,\"isIncrement\":\"1\",\"isInsert\":\"1\",\"isPk\":\"1\",\"isRequired\":\"0\",\"javaField\":\"id\",\"javaType\":\"Long\",\"list\":false,\"params\":{},\"pk\":true,\"query\":false,\"queryType\":\"EQ\",\"required\":false,\"sort\":1,\"superColumn\":false,\"tableId\":6,\"updateBy\":\"\",\"updateTime\":\"2025-05-24 15:48:38\",\"usableColumn\":false},{\"capJavaField\":\"Username\",\"columnComment\":\"账户\",\"columnId\":23,\"columnName\":\"username\",\"columnType\":\"varchar(50)\",\"createBy\":\"admin\",\"createTime\":\"2025-05-24 00:03:58\",\"dictType\":\"\",\"edit\":true,\"htmlType\":\"input\",\"increment\":false,\"insert\":true,\"isEdit\":\"1\",\"isIncrement\":\"0\",\"isInsert\":\"1\",\"isList\":\"1\",\"isPk\":\"0\",\"isQuery\":\"1\",\"isRequired\":\"1\",\"javaField\":\"username\",\"javaType\":\"String\",\"list\":true,\"params\":{},\"pk\":false,\"query\":true,\"queryType\":\"LIKE\",\"required\":true,\"sort\":2,\"superColumn\":false,\"tableId\":6,\"updateBy\":\"\",\"updateTime\":\"2025-05-24 15:48:38\",\"usableColumn\":false},{\"capJavaField\":\"Password\",\"columnComment\":\"密码\",\"columnId\":24,\"columnName\":\"password\",\"columnType\":\"varchar(100)\",\"createBy\":\"admin\",\"createTime\":\"2025-05-24 00:03:58\",\"dictType\":\"\",\"edit\":true,\"htmlType\":\"input\",\"increment\":false,\"insert\":true,\"isEdit\":\"1\",\"isIncrement\":\"0\",\"isInsert\":\"1\",\"isList\":\"1\",\"isPk\":\"0\",\"isQuery\":\"0\",\"isRequired\":\"1\",\"javaField\":\"password\",\"javaType\":\"String\",\"list\":true,\"params\":{},\"pk\":false,\"query\":false,\"queryType\":\"EQ\",\"required\":true,\"sort\":3,\"superColumn\":false,\"tableId\":6,\"updateBy\":\"\",\"updateTime\":\"2025-05-24 15:48:38\",\"usableColumn\":false},{\"capJavaField\":\"Email\",\"columnComment\":\"邮箱\",\"columnId\":25,\"columnName\":\"email\",\"columnType\":\"varchar(100)\",\"createBy\":\"admin\",\"createTime\":\"2025-05-24 00:03:58\",\"dictType\":\"\",\"edit\":true,\"htmlType\":\"input\",\"increment\":false,\"insert\":true,\"isEdit\":\"1\",\"isIncrem','{\"msg\":\"操作成功\",\"code\":200}',0,NULL,'2025-05-24 15:54:14',51),(213,'代码生成',2,'com.movie.generator.controller.GenController.editSave()','PUT',1,'admin','管理部门','/tool/gen','127.0.0.1','内网IP','{\"businessName\":\"users\",\"className\":\"Users\",\"columns\":[{\"capJavaField\":\"Id\",\"columnComment\":\"id\",\"columnId\":22,\"columnName\":\"id\",\"columnType\":\"bigint\",\"createBy\":\"admin\",\"createTime\":\"2025-05-24 00:03:58\",\"dictType\":\"\",\"edit\":false,\"htmlType\":\"input\",\"increment\":true,\"insert\":true,\"isIncrement\":\"1\",\"isInsert\":\"1\",\"isPk\":\"1\",\"isRequired\":\"0\",\"javaField\":\"id\",\"javaType\":\"Long\",\"list\":false,\"params\":{},\"pk\":true,\"query\":false,\"queryType\":\"EQ\",\"required\":false,\"sort\":1,\"superColumn\":false,\"tableId\":6,\"updateBy\":\"\",\"updateTime\":\"2025-05-24 15:54:14\",\"usableColumn\":false},{\"capJavaField\":\"Username\",\"columnComment\":\"账户\",\"columnId\":23,\"columnName\":\"username\",\"columnType\":\"varchar(50)\",\"createBy\":\"admin\",\"createTime\":\"2025-05-24 00:03:58\",\"dictType\":\"\",\"edit\":true,\"htmlType\":\"input\",\"increment\":false,\"insert\":true,\"isEdit\":\"1\",\"isIncrement\":\"0\",\"isInsert\":\"1\",\"isList\":\"1\",\"isPk\":\"0\",\"isQuery\":\"1\",\"isRequired\":\"1\",\"javaField\":\"username\",\"javaType\":\"String\",\"list\":true,\"params\":{},\"pk\":false,\"query\":true,\"queryType\":\"LIKE\",\"required\":true,\"sort\":2,\"superColumn\":false,\"tableId\":6,\"updateBy\":\"\",\"updateTime\":\"2025-05-24 15:54:14\",\"usableColumn\":false},{\"capJavaField\":\"Password\",\"columnComment\":\"密码\",\"columnId\":24,\"columnName\":\"password\",\"columnType\":\"varchar(100)\",\"createBy\":\"admin\",\"createTime\":\"2025-05-24 00:03:58\",\"dictType\":\"\",\"edit\":true,\"htmlType\":\"input\",\"increment\":false,\"insert\":true,\"isEdit\":\"1\",\"isIncrement\":\"0\",\"isInsert\":\"1\",\"isList\":\"1\",\"isPk\":\"0\",\"isQuery\":\"0\",\"isRequired\":\"1\",\"javaField\":\"password\",\"javaType\":\"String\",\"list\":true,\"params\":{},\"pk\":false,\"query\":false,\"queryType\":\"EQ\",\"required\":true,\"sort\":3,\"superColumn\":false,\"tableId\":6,\"updateBy\":\"\",\"updateTime\":\"2025-05-24 15:54:14\",\"usableColumn\":false},{\"capJavaField\":\"Email\",\"columnComment\":\"邮箱\",\"columnId\":25,\"columnName\":\"email\",\"columnType\":\"varchar(100)\",\"createBy\":\"admin\",\"createTime\":\"2025-05-24 00:03:58\",\"dictType\":\"\",\"edit\":true,\"htmlType\":\"input\",\"increment\":false,\"insert\":true,\"isEdit\":\"1\",\"isIncrem','{\"msg\":\"操作成功\",\"code\":200}',0,NULL,'2025-05-24 15:54:30',20),(214,'代码生成',8,'com.movie.generator.controller.GenController.batchGenCode()','GET',1,'admin','管理部门','/tool/gen/batchGenCode','127.0.0.1','内网IP','{\"tables\":\"users\"}',NULL,0,NULL,'2025-05-24 15:54:35',137),(215,'代码生成',8,'com.movie.generator.controller.GenController.batchGenCode()','GET',1,'admin','管理部门','/tool/gen/batchGenCode','127.0.0.1','内网IP','{\"tables\":\"users\"}',NULL,0,NULL,'2025-05-24 15:54:35',45),(216,'代码生成',2,'com.movie.generator.controller.GenController.synchDb()','GET',1,'admin','管理部门','/tool/gen/synchDb/movies','127.0.0.1','内网IP','{}','{\"msg\":\"操作成功\",\"code\":200}',0,NULL,'2025-05-24 16:00:47',151),(217,'用户表',1,'com.movie.data.controller.UsersController.add()','POST',1,'admin','管理部门','/users/users','127.0.0.1','内网IP','{\"email\":\"312\",\"gender\":0,\"id\":3,\"params\":{},\"phone\":\"321\",\"userType\":1,\"username\":\"312\"}','{\"msg\":\"操作成功\",\"code\":200}',0,NULL,'2025-05-24 16:01:40',6),(218,'用户表',2,'com.movie.data.controller.UsersController.edit()','PUT',1,'admin','管理部门','/users/users','127.0.0.1','内网IP','{\"email\":\"312\",\"gender\":1,\"id\":3,\"params\":{},\"phone\":\"321\",\"userType\":0,\"username\":\"312\"}','{\"msg\":\"操作成功\",\"code\":200}',0,NULL,'2025-05-24 16:02:08',4),(219,'用户表',3,'com.movie.data.controller.UsersController.remove()','DELETE',1,'admin','管理部门','/users/users/3','127.0.0.1','内网IP','[3]','{\"msg\":\"操作成功\",\"code\":200}',0,NULL,'2025-05-24 16:02:13',6),(220,'菜单管理',2,'com.movie.web.controller.system.SysMenuController.edit()','PUT',1,'admin','管理部门','/system/menu','127.0.0.1','内网IP','{\"children\":[],\"component\":\"users/users/index\",\"createTime\":\"2025-05-24 15:39:43\",\"icon\":\"peoples\",\"isCache\":\"0\",\"isFrame\":\"1\",\"menuId\":2038,\"menuName\":\"用户表\",\"menuType\":\"C\",\"orderNum\":1,\"params\":{},\"parentId\":2006,\"path\":\"users\",\"perms\":\"users:users:list\",\"routeName\":\"\",\"status\":\"0\",\"updateBy\":\"admin\",\"visible\":\"0\"}','{\"msg\":\"操作成功\",\"code\":200}',0,NULL,'2025-05-24 16:04:39',13),(221,'菜单管理',2,'com.movie.web.controller.system.SysMenuController.edit()','PUT',1,'admin','管理部门','/system/menu','127.0.0.1','内网IP','{\"children\":[],\"component\":\"users/users/index\",\"createTime\":\"2025-05-24 15:39:43\",\"icon\":\"user\",\"isCache\":\"0\",\"isFrame\":\"1\",\"menuId\":2038,\"menuName\":\"用户表\",\"menuType\":\"C\",\"orderNum\":1,\"params\":{},\"parentId\":2006,\"path\":\"users\",\"perms\":\"users:users:list\",\"routeName\":\"\",\"status\":\"0\",\"updateBy\":\"admin\",\"visible\":\"0\"}','{\"msg\":\"操作成功\",\"code\":200}',0,NULL,'2025-05-24 16:05:33',6),(222,'菜单管理',2,'com.movie.web.controller.system.SysMenuController.edit()','PUT',1,'admin','管理部门','/system/menu','127.0.0.1','内网IP','{\"children\":[],\"component\":\"areas/areas/index\",\"createTime\":\"2025-05-24 14:51:19\",\"icon\":\"area\",\"isCache\":\"0\",\"isFrame\":\"1\",\"menuId\":2026,\"menuName\":\"地区表\",\"menuType\":\"C\",\"orderNum\":1,\"params\":{},\"parentId\":2006,\"path\":\"areas\",\"perms\":\"areas:areas:list\",\"routeName\":\"\",\"status\":\"0\",\"updateBy\":\"admin\",\"visible\":\"0\"}','{\"msg\":\"操作成功\",\"code\":200}',0,NULL,'2025-05-24 16:07:42',6),(223,'菜单管理',2,'com.movie.web.controller.system.SysMenuController.edit()','PUT',1,'admin','管理部门','/system/menu','127.0.0.1','内网IP','{\"children\":[],\"component\":\"genres/genres/index\",\"createTime\":\"2025-05-24 15:10:46\",\"icon\":\"type\",\"isCache\":\"0\",\"isFrame\":\"1\",\"menuId\":2032,\"menuName\":\"类别表\",\"menuType\":\"C\",\"orderNum\":1,\"params\":{},\"parentId\":2006,\"path\":\"genres\",\"perms\":\"genres:genres:list\",\"routeName\":\"\",\"status\":\"0\",\"updateBy\":\"admin\",\"visible\":\"0\"}','{\"msg\":\"操作成功\",\"code\":200}',0,NULL,'2025-05-24 16:09:33',6),(224,'菜单管理',2,'com.movie.web.controller.system.SysMenuController.edit()','PUT',1,'admin','管理部门','/system/menu','127.0.0.1','内网IP','{\"children\":[],\"component\":\"directors/directors/index\",\"createTime\":\"2025-05-24 14:30:21\",\"icon\":\"director\",\"isCache\":\"0\",\"isFrame\":\"1\",\"menuId\":2008,\"menuName\":\"导演表\",\"menuType\":\"C\",\"orderNum\":9,\"params\":{},\"parentId\":2006,\"path\":\"directors\",\"perms\":\"directors:directors:list\",\"routeName\":\"\",\"status\":\"0\",\"updateBy\":\"admin\",\"visible\":\"0\"}','{\"msg\":\"操作成功\",\"code\":200}',0,NULL,'2025-05-24 16:09:43',6),(225,'菜单管理',2,'com.movie.web.controller.system.SysMenuController.edit()','PUT',1,'admin','管理部门','/system/menu','127.0.0.1','内网IP','{\"children\":[],\"component\":\"system/user/index\",\"createTime\":\"2025-05-23 17:08:56\",\"icon\":\"user\",\"isCache\":\"0\",\"isFrame\":\"1\",\"menuId\":100,\"menuName\":\"后台用户管理\",\"menuType\":\"C\",\"orderNum\":1,\"params\":{},\"parentId\":1,\"path\":\"user\",\"perms\":\"system:user:list\",\"query\":\"\",\"routeName\":\"\",\"status\":\"0\",\"updateBy\":\"admin\",\"visible\":\"0\"}','{\"msg\":\"操作成功\",\"code\":200}',0,NULL,'2025-05-24 16:13:44',8),(226,'菜单管理',2,'com.movie.web.controller.system.SysMenuController.edit()','PUT',1,'admin','管理部门','/system/menu','127.0.0.1','内网IP','{\"children\":[],\"component\":\"users/users/index\",\"createTime\":\"2025-05-24 15:39:43\",\"icon\":\"user\",\"isCache\":\"0\",\"isFrame\":\"1\",\"menuId\":2038,\"menuName\":\"前台用户表\",\"menuType\":\"C\",\"orderNum\":1,\"params\":{},\"parentId\":2006,\"path\":\"users\",\"perms\":\"users:users:list\",\"routeName\":\"\",\"status\":\"0\",\"updateBy\":\"admin\",\"visible\":\"0\"}','{\"msg\":\"操作成功\",\"code\":200}',0,NULL,'2025-05-24 16:14:00',7),(227,'菜单管理',2,'com.movie.web.controller.system.SysMenuController.edit()','PUT',1,'admin','管理部门','/system/menu','127.0.0.1','内网IP','{\"children\":[],\"component\":\"actors/actors/index\",\"createTime\":\"2025-05-24 00:30:46\",\"icon\":\"actor\",\"isCache\":\"0\",\"isFrame\":\"1\",\"menuId\":2007,\"menuName\":\"演员表\",\"menuType\":\"C\",\"orderNum\":10,\"params\":{},\"parentId\":2006,\"path\":\"actors\",\"perms\":\"actors:actors:list\",\"routeName\":\"\",\"status\":\"0\",\"updateBy\":\"admin\",\"visible\":\"0\"}','{\"msg\":\"操作成功\",\"code\":200}',0,NULL,'2025-05-24 16:15:07',5),(228,'菜单管理',2,'com.movie.web.controller.system.SysMenuController.edit()','PUT',1,'admin','管理部门','/system/menu','127.0.0.1','内网IP','{\"children\":[],\"component\":\"actors/actors/index\",\"createTime\":\"2025-05-24 00:30:46\",\"icon\":\"actor\",\"isCache\":\"0\",\"isFrame\":\"1\",\"menuId\":2007,\"menuName\":\"演员表\",\"menuType\":\"C\",\"orderNum\":1,\"params\":{},\"parentId\":2006,\"path\":\"actors\",\"perms\":\"actors:actors:list\",\"routeName\":\"\",\"status\":\"0\",\"updateBy\":\"admin\",\"visible\":\"0\"}','{\"msg\":\"操作成功\",\"code\":200}',0,NULL,'2025-05-24 16:15:53',5),(229,'菜单管理',2,'com.movie.web.controller.system.SysMenuController.edit()','PUT',1,'admin','管理部门','/system/menu','127.0.0.1','内网IP','{\"children\":[],\"component\":\"actors/actors/index\",\"createTime\":\"2025-05-24 00:30:46\",\"icon\":\"actor\",\"isCache\":\"0\",\"isFrame\":\"1\",\"menuId\":2007,\"menuName\":\"演员表\",\"menuType\":\"C\",\"orderNum\":10,\"params\":{},\"parentId\":2006,\"path\":\"actors\",\"perms\":\"actors:actors:list\",\"routeName\":\"\",\"status\":\"0\",\"updateBy\":\"admin\",\"visible\":\"0\"}','{\"msg\":\"操作成功\",\"code\":200}',0,NULL,'2025-05-24 16:15:59',4),(230,'菜单管理',2,'com.movie.web.controller.system.SysMenuController.edit()','PUT',1,'admin','管理部门','/system/menu','127.0.0.1','内网IP','{\"children\":[],\"component\":\"areas/areas/index\",\"createTime\":\"2025-05-24 14:51:19\",\"icon\":\"area\",\"isCache\":\"0\",\"isFrame\":\"1\",\"menuId\":2026,\"menuName\":\"地区表\",\"menuType\":\"C\",\"orderNum\":9,\"params\":{},\"parentId\":2006,\"path\":\"areas\",\"perms\":\"areas:areas:list\",\"routeName\":\"\",\"status\":\"0\",\"updateBy\":\"admin\",\"visible\":\"0\"}','{\"msg\":\"操作成功\",\"code\":200}',0,NULL,'2025-05-24 16:16:08',6),(231,'菜单管理',2,'com.movie.web.controller.system.SysMenuController.edit()','PUT',1,'admin','管理部门','/system/menu','127.0.0.1','内网IP','{\"children\":[],\"component\":\"genres/genres/index\",\"createTime\":\"2025-05-24 15:10:46\",\"icon\":\"type\",\"isCache\":\"0\",\"isFrame\":\"1\",\"menuId\":2032,\"menuName\":\"类别表\",\"menuType\":\"C\",\"orderNum\":9,\"params\":{},\"parentId\":2006,\"path\":\"genres\",\"perms\":\"genres:genres:list\",\"routeName\":\"\",\"status\":\"0\",\"updateBy\":\"admin\",\"visible\":\"0\"}','{\"msg\":\"操作成功\",\"code\":200}',0,NULL,'2025-05-24 16:16:13',5),(232,'代码生成',2,'com.movie.generator.controller.GenController.editSave()','PUT',1,'admin','管理部门','/tool/gen','127.0.0.1','内网IP','{\"businessName\":\"movies\",\"className\":\"Movies\",\"columns\":[{\"capJavaField\":\"Id\",\"columnComment\":\"id\",\"columnId\":5,\"columnName\":\"id\",\"columnType\":\"bigint\",\"createBy\":\"admin\",\"createTime\":\"2025-05-24 00:03:45\",\"dictType\":\"\",\"edit\":false,\"htmlType\":\"input\",\"increment\":true,\"insert\":true,\"isIncrement\":\"1\",\"isInsert\":\"1\",\"isPk\":\"1\",\"isRequired\":\"0\",\"javaField\":\"id\",\"javaType\":\"Long\",\"list\":false,\"params\":{},\"pk\":true,\"query\":false,\"queryType\":\"EQ\",\"required\":false,\"sort\":1,\"superColumn\":false,\"tableId\":3,\"updateBy\":\"\",\"updateTime\":\"2025-05-24 16:00:47\",\"usableColumn\":false},{\"capJavaField\":\"Name\",\"columnComment\":\"电影名字\",\"columnId\":6,\"columnName\":\"name\",\"columnType\":\"varchar(200)\",\"createBy\":\"admin\",\"createTime\":\"2025-05-24 00:03:45\",\"dictType\":\"\",\"edit\":true,\"htmlType\":\"input\",\"increment\":false,\"insert\":true,\"isEdit\":\"1\",\"isIncrement\":\"0\",\"isInsert\":\"1\",\"isList\":\"1\",\"isPk\":\"0\",\"isQuery\":\"1\",\"isRequired\":\"1\",\"javaField\":\"name\",\"javaType\":\"String\",\"list\":true,\"params\":{},\"pk\":false,\"query\":true,\"queryType\":\"LIKE\",\"required\":true,\"sort\":2,\"superColumn\":false,\"tableId\":3,\"updateBy\":\"\",\"updateTime\":\"2025-05-24 16:00:47\",\"usableColumn\":false},{\"capJavaField\":\"AreaId\",\"columnComment\":\"电影地区\",\"columnId\":7,\"columnName\":\"area_id\",\"columnType\":\"bigint\",\"createBy\":\"admin\",\"createTime\":\"2025-05-24 00:03:45\",\"dictType\":\"is_vip\",\"edit\":true,\"htmlType\":\"select\",\"increment\":false,\"insert\":true,\"isEdit\":\"1\",\"isIncrement\":\"0\",\"isInsert\":\"1\",\"isList\":\"1\",\"isPk\":\"0\",\"isQuery\":\"1\",\"isRequired\":\"0\",\"javaField\":\"areaId\",\"javaType\":\"Long\",\"list\":true,\"params\":{},\"pk\":false,\"query\":true,\"queryType\":\"EQ\",\"required\":false,\"sort\":3,\"superColumn\":false,\"tableId\":3,\"updateBy\":\"\",\"updateTime\":\"2025-05-24 16:00:47\",\"usableColumn\":false},{\"capJavaField\":\"GenreId\",\"columnComment\":\"电影类型\",\"columnId\":8,\"columnName\":\"genre_id\",\"columnType\":\"bigint\",\"createBy\":\"admin\",\"createTime\":\"2025-05-24 00:03:45\",\"dictType\":\"is_vip\",\"edit\":true,\"htmlType\":\"select\",\"increment\":false,\"insert\":true,\"isEdit\":\"1\",\"isIncrement\":\"0','{\"msg\":\"操作成功\",\"code\":200}',0,NULL,'2025-05-24 16:40:55',39),(233,'代码生成',8,'com.movie.generator.controller.GenController.batchGenCode()','GET',1,'admin','管理部门','/tool/gen/batchGenCode','127.0.0.1','内网IP','{\"tables\":\"movies\"}',NULL,0,NULL,'2025-05-24 16:42:02',157),(234,'代码生成',8,'com.movie.generator.controller.GenController.batchGenCode()','GET',1,'admin','管理部门','/tool/gen/batchGenCode','127.0.0.1','内网IP','{\"tables\":\"movies\"}',NULL,0,NULL,'2025-05-24 16:42:02',64),(235,'菜单管理',2,'com.movie.web.controller.system.SysMenuController.edit()','PUT',1,'admin','管理部门','/system/menu','127.0.0.1','内网IP','{\"children\":[],\"component\":\"movies/movies/index\",\"createTime\":\"2025-05-24 16:45:23\",\"icon\":\"#\",\"isCache\":\"0\",\"isFrame\":\"1\",\"menuId\":2044,\"menuName\":\"电影表\",\"menuType\":\"C\",\"orderNum\":100,\"params\":{},\"parentId\":2006,\"path\":\"movies\",\"perms\":\"movies:movies:list\",\"routeName\":\"\",\"status\":\"0\",\"updateBy\":\"admin\",\"visible\":\"0\"}','{\"msg\":\"操作成功\",\"code\":200}',0,NULL,'2025-05-24 16:49:25',21),(236,'菜单管理',2,'com.movie.web.controller.system.SysMenuController.edit()','PUT',1,'admin','管理部门','/system/menu','127.0.0.1','内网IP','{\"children\":[],\"component\":\"movies/movies/index\",\"createTime\":\"2025-05-24 16:45:23\",\"icon\":\"movie\",\"isCache\":\"0\",\"isFrame\":\"1\",\"menuId\":2044,\"menuName\":\"电影表\",\"menuType\":\"C\",\"orderNum\":100,\"params\":{},\"parentId\":2006,\"path\":\"movies\",\"perms\":\"movies:movies:list\",\"routeName\":\"\",\"status\":\"0\",\"updateBy\":\"admin\",\"visible\":\"0\"}','{\"msg\":\"操作成功\",\"code\":200}',0,NULL,'2025-05-24 16:50:26',7),(237,'电影表',1,'com.movie.data.controller.MoviesController.add()','POST',1,'admin','管理部门','/movies/movies','127.0.0.1','内网IP','{\"areaId\":2,\"count\":3,\"coverurl\":\"231\",\"description\":\"321\",\"genreId\":1,\"monthcount\":312,\"name\":\"132\",\"params\":{},\"scoreCount\":321,\"scoreTotal\":321,\"see\":0,\"weekcount\":321}',NULL,1,'\r\n### Error updating database.  Cause: java.sql.SQLIntegrityConstraintViolationException: Cannot add or update a child row: a foreign key constraint fails (`movie_web`.`movies`, CONSTRAINT `movies_ibfk_1` FOREIGN KEY (`area_id`) REFERENCES `areas` (`id`))\r\n### The error may exist in file [C:\\Users\\ROG\\Desktop\\JavaFinal\\movie\\movie-data\\target\\classes\\mapper\\movies\\MoviesMapper.xml]\r\n### The error may involve com.movie.data.mapper.MoviesMapper.insertMovies-Inline\r\n### The error occurred while setting parameters\r\n### SQL: insert into movies          ( name,             area_id,             genre_id,             count,             weekcount,             monthcount,             see,             description,             score_total,             score_count,             coverurl )           values ( ?,             ?,             ?,             ?,             ?,             ?,             ?,             ?,             ?,             ?,             ? )\r\n### Cause: java.sql.SQLIntegrityConstraintViolationException: Cannot add or update a child row: a foreign key constraint fails (`movie_web`.`movies`, CONSTRAINT `movies_ibfk_1` FOREIGN KEY (`area_id`) REFERENCES `areas` (`id`))\n; Cannot add or update a child row: a foreign key constraint fails (`movie_web`.`movies`, CONSTRAINT `movies_ibfk_1` FOREIGN KEY (`area_id`) REFERENCES `areas` (`id`)); nested exception is java.sql.SQLIntegrityConstraintViolationException: Cannot add or update a child row: a foreign key constraint fails (`movie_web`.`movies`, CONSTRAINT `movies_ibfk_1` FOREIGN KEY (`area_id`) REFERENCES `areas` (`id`))','2025-05-24 17:44:28',138),(238,'电影表',1,'com.movie.data.controller.MoviesController.add()','POST',1,'admin','管理部门','/movies/movies','127.0.0.1','内网IP','{\"areaId\":1,\"count\":3,\"coverurl\":\"231\",\"description\":\"321\",\"genreId\":1,\"monthcount\":312,\"name\":\"132\",\"params\":{},\"scoreCount\":321,\"scoreTotal\":321,\"see\":0,\"weekcount\":321}',NULL,1,'\r\n### Error updating database.  Cause: java.sql.SQLIntegrityConstraintViolationException: Cannot add or update a child row: a foreign key constraint fails (`movie_web`.`movies`, CONSTRAINT `movies_ibfk_1` FOREIGN KEY (`area_id`) REFERENCES `areas` (`id`))\r\n### The error may exist in file [C:\\Users\\ROG\\Desktop\\JavaFinal\\movie\\movie-data\\target\\classes\\mapper\\movies\\MoviesMapper.xml]\r\n### The error may involve com.movie.data.mapper.MoviesMapper.insertMovies-Inline\r\n### The error occurred while setting parameters\r\n### SQL: insert into movies          ( name,             area_id,             genre_id,             count,             weekcount,             monthcount,             see,             description,             score_total,             score_count,             coverurl )           values ( ?,             ?,             ?,             ?,             ?,             ?,             ?,             ?,             ?,             ?,             ? )\r\n### Cause: java.sql.SQLIntegrityConstraintViolationException: Cannot add or update a child row: a foreign key constraint fails (`movie_web`.`movies`, CONSTRAINT `movies_ibfk_1` FOREIGN KEY (`area_id`) REFERENCES `areas` (`id`))\n; Cannot add or update a child row: a foreign key constraint fails (`movie_web`.`movies`, CONSTRAINT `movies_ibfk_1` FOREIGN KEY (`area_id`) REFERENCES `areas` (`id`)); nested exception is java.sql.SQLIntegrityConstraintViolationException: Cannot add or update a child row: a foreign key constraint fails (`movie_web`.`movies`, CONSTRAINT `movies_ibfk_1` FOREIGN KEY (`area_id`) REFERENCES `areas` (`id`))','2025-05-24 17:44:42',5),(239,'电影表',1,'com.movie.data.controller.MoviesController.add()','POST',1,'admin','管理部门','/movies/movies','127.0.0.1','内网IP','{\"areaId\":1,\"count\":3,\"coverurl\":\"231\",\"description\":\"321\",\"genreId\":1,\"monthcount\":312,\"name\":\"132\",\"params\":{},\"scoreCount\":321,\"scoreTotal\":321,\"see\":0,\"weekcount\":321}',NULL,1,'\r\n### Error updating database.  Cause: java.sql.SQLIntegrityConstraintViolationException: Cannot add or update a child row: a foreign key constraint fails (`movie_web`.`movies`, CONSTRAINT `movies_ibfk_1` FOREIGN KEY (`area_id`) REFERENCES `areas` (`id`))\r\n### The error may exist in file [C:\\Users\\ROG\\Desktop\\JavaFinal\\movie\\movie-data\\target\\classes\\mapper\\movies\\MoviesMapper.xml]\r\n### The error may involve com.movie.data.mapper.MoviesMapper.insertMovies-Inline\r\n### The error occurred while setting parameters\r\n### SQL: insert into movies          ( name,             area_id,             genre_id,             count,             weekcount,             monthcount,             see,             description,             score_total,             score_count,             coverurl )           values ( ?,             ?,             ?,             ?,             ?,             ?,             ?,             ?,             ?,             ?,             ? )\r\n### Cause: java.sql.SQLIntegrityConstraintViolationException: Cannot add or update a child row: a foreign key constraint fails (`movie_web`.`movies`, CONSTRAINT `movies_ibfk_1` FOREIGN KEY (`area_id`) REFERENCES `areas` (`id`))\n; Cannot add or update a child row: a foreign key constraint fails (`movie_web`.`movies`, CONSTRAINT `movies_ibfk_1` FOREIGN KEY (`area_id`) REFERENCES `areas` (`id`)); nested exception is java.sql.SQLIntegrityConstraintViolationException: Cannot add or update a child row: a foreign key constraint fails (`movie_web`.`movies`, CONSTRAINT `movies_ibfk_1` FOREIGN KEY (`area_id`) REFERENCES `areas` (`id`))','2025-05-24 17:46:23',19),(240,'电影表',1,'com.movie.data.controller.MoviesController.add()','POST',1,'admin','管理部门','/movies/movies','127.0.0.1','内网IP','{\"areaId\":1,\"count\":3,\"coverurl\":\"231\",\"description\":\"321\",\"genreId\":1,\"monthcount\":312,\"name\":\"132\",\"params\":{},\"scoreCount\":321,\"scoreTotal\":321,\"see\":0,\"weekcount\":321}',NULL,1,'\r\n### Error updating database.  Cause: java.sql.SQLIntegrityConstraintViolationException: Cannot add or update a child row: a foreign key constraint fails (`movie_web`.`movies`, CONSTRAINT `movies_ibfk_1` FOREIGN KEY (`area_id`) REFERENCES `areas` (`id`))\r\n### The error may exist in file [C:\\Users\\ROG\\Desktop\\JavaFinal\\movie\\movie-data\\target\\classes\\mapper\\movies\\MoviesMapper.xml]\r\n### The error may involve com.movie.data.mapper.MoviesMapper.insertMovies-Inline\r\n### The error occurred while setting parameters\r\n### SQL: insert into movies          ( name,             area_id,             genre_id,             count,             weekcount,             monthcount,             see,             description,             score_total,             score_count,             coverurl )           values ( ?,             ?,             ?,             ?,             ?,             ?,             ?,             ?,             ?,             ?,             ? )\r\n### Cause: java.sql.SQLIntegrityConstraintViolationException: Cannot add or update a child row: a foreign key constraint fails (`movie_web`.`movies`, CONSTRAINT `movies_ibfk_1` FOREIGN KEY (`area_id`) REFERENCES `areas` (`id`))\n; Cannot add or update a child row: a foreign key constraint fails (`movie_web`.`movies`, CONSTRAINT `movies_ibfk_1` FOREIGN KEY (`area_id`) REFERENCES `areas` (`id`)); nested exception is java.sql.SQLIntegrityConstraintViolationException: Cannot add or update a child row: a foreign key constraint fails (`movie_web`.`movies`, CONSTRAINT `movies_ibfk_1` FOREIGN KEY (`area_id`) REFERENCES `areas` (`id`))','2025-05-24 17:46:28',23),(241,'电影表',1,'com.movie.data.controller.MoviesController.add()','POST',1,'admin','管理部门','/movies/movies','127.0.0.1','内网IP','{\"areaId\":1,\"count\":312,\"coverurl\":\"2\",\"description\":\"42\",\"genreId\":2,\"id\":5,\"monthcount\":312,\"name\":\"312\",\"params\":{},\"scoreCount\":1,\"scoreTotal\":1,\"see\":0,\"weekcount\":312312}','{\"msg\":\"操作成功\",\"code\":200}',0,NULL,'2025-05-24 17:49:36',9),(242,'电影表',1,'com.movie.data.controller.MoviesController.add()','POST',1,'admin','管理部门','/movies/movies','127.0.0.1','内网IP','{\"areaId\":3,\"count\":53,\"genreId\":1,\"id\":6,\"name\":\"53\",\"params\":{},\"weekcount\":53}','{\"msg\":\"操作成功\",\"code\":200}',0,NULL,'2025-05-24 17:53:35',4),(243,'代码生成',2,'com.movie.generator.controller.GenController.synchDb()','GET',1,'admin','管理部门','/tool/gen/synchDb/actors','127.0.0.1','内网IP','{}','{\"msg\":\"操作成功\",\"code\":200}',0,NULL,'2025-05-24 20:17:44',51),(244,'代码生成',2,'com.movie.generator.controller.GenController.synchDb()','GET',1,'admin','管理部门','/tool/gen/synchDb/directors','127.0.0.1','内网IP','{}','{\"msg\":\"操作成功\",\"code\":200}',0,NULL,'2025-05-24 20:17:47',18),(245,'代码生成',2,'com.movie.generator.controller.GenController.editSave()','PUT',1,'admin','管理部门','/tool/gen','127.0.0.1','内网IP','{\"businessName\":\"actors\",\"className\":\"Actors\",\"columns\":[{\"capJavaField\":\"Id\",\"columnComment\":\"id\",\"columnId\":29,\"columnName\":\"id\",\"columnType\":\"bigint\",\"createBy\":\"admin\",\"createTime\":\"2025-05-24 00:04:05\",\"dictType\":\"\",\"edit\":false,\"htmlType\":\"input\",\"increment\":true,\"insert\":true,\"isIncrement\":\"1\",\"isInsert\":\"1\",\"isPk\":\"1\",\"isRequired\":\"0\",\"javaField\":\"id\",\"javaType\":\"Long\",\"list\":false,\"params\":{},\"pk\":true,\"query\":false,\"queryType\":\"EQ\",\"required\":false,\"sort\":1,\"superColumn\":false,\"tableId\":7,\"updateBy\":\"\",\"updateTime\":\"2025-05-24 20:17:44\",\"usableColumn\":false},{\"capJavaField\":\"Name\",\"columnComment\":\"主演名字\",\"columnId\":30,\"columnName\":\"name\",\"columnType\":\"varchar(100)\",\"createBy\":\"admin\",\"createTime\":\"2025-05-24 00:04:05\",\"dictType\":\"\",\"edit\":true,\"htmlType\":\"input\",\"increment\":false,\"insert\":true,\"isEdit\":\"1\",\"isIncrement\":\"0\",\"isInsert\":\"1\",\"isList\":\"1\",\"isPk\":\"0\",\"isQuery\":\"1\",\"isRequired\":\"1\",\"javaField\":\"name\",\"javaType\":\"String\",\"list\":true,\"params\":{},\"pk\":false,\"query\":true,\"queryType\":\"LIKE\",\"required\":true,\"sort\":2,\"superColumn\":false,\"tableId\":7,\"updateBy\":\"\",\"updateTime\":\"2025-05-24 20:17:44\",\"usableColumn\":false},{\"capJavaField\":\"Photourl\",\"columnComment\":\"主演照片地址\",\"columnId\":36,\"columnName\":\"photourl\",\"columnType\":\"varchar(255)\",\"createBy\":\"\",\"createTime\":\"2025-05-24 20:17:44\",\"dictType\":\"\",\"edit\":true,\"htmlType\":\"input\",\"increment\":false,\"insert\":true,\"isEdit\":\"1\",\"isIncrement\":\"0\",\"isInsert\":\"1\",\"isList\":\"1\",\"isPk\":\"0\",\"isQuery\":\"0\",\"isRequired\":\"0\",\"javaField\":\"photourl\",\"javaType\":\"String\",\"list\":true,\"params\":{},\"pk\":false,\"query\":false,\"queryType\":\"EQ\",\"required\":false,\"sort\":3,\"superColumn\":false,\"tableId\":7,\"updateBy\":\"\",\"usableColumn\":false}],\"crud\":true,\"functionAuthor\":\"ruoyi\",\"functionName\":\"演员\",\"genPath\":\"/\",\"genType\":\"0\",\"moduleName\":\"actors\",\"options\":\"{\\\"parentMenuId\\\":2006}\",\"packageName\":\"com.movie.data\",\"params\":{\"parentMenuId\":2006},\"parentMenuId\":2006,\"sub\":false,\"subTableFkName\":\"\",\"subTableName\":\"\",\"tableComment\":\"演员表\",\"table','{\"msg\":\"操作成功\",\"code\":200}',0,NULL,'2025-05-24 20:18:12',22),(246,'代码生成',2,'com.movie.generator.controller.GenController.editSave()','PUT',1,'admin','管理部门','/tool/gen','127.0.0.1','内网IP','{\"businessName\":\"directors\",\"className\":\"Directors\",\"columns\":[{\"capJavaField\":\"Id\",\"columnComment\":\"id\",\"columnId\":31,\"columnName\":\"id\",\"columnType\":\"bigint\",\"createBy\":\"admin\",\"createTime\":\"2025-05-24 00:04:05\",\"dictType\":\"\",\"edit\":false,\"htmlType\":\"input\",\"increment\":true,\"insert\":true,\"isIncrement\":\"1\",\"isInsert\":\"1\",\"isPk\":\"1\",\"isRequired\":\"0\",\"javaField\":\"id\",\"javaType\":\"Long\",\"list\":false,\"params\":{},\"pk\":true,\"query\":false,\"queryType\":\"EQ\",\"required\":false,\"sort\":1,\"superColumn\":false,\"tableId\":8,\"updateBy\":\"\",\"updateTime\":\"2025-05-24 20:17:47\",\"usableColumn\":false},{\"capJavaField\":\"Name\",\"columnComment\":\"导演名字\",\"columnId\":32,\"columnName\":\"name\",\"columnType\":\"varchar(100)\",\"createBy\":\"admin\",\"createTime\":\"2025-05-24 00:04:05\",\"dictType\":\"\",\"edit\":true,\"htmlType\":\"input\",\"increment\":false,\"insert\":true,\"isEdit\":\"1\",\"isIncrement\":\"0\",\"isInsert\":\"1\",\"isList\":\"1\",\"isPk\":\"0\",\"isQuery\":\"1\",\"isRequired\":\"1\",\"javaField\":\"name\",\"javaType\":\"String\",\"list\":true,\"params\":{},\"pk\":false,\"query\":true,\"queryType\":\"LIKE\",\"required\":true,\"sort\":2,\"superColumn\":false,\"tableId\":8,\"updateBy\":\"\",\"updateTime\":\"2025-05-24 20:17:47\",\"usableColumn\":false},{\"capJavaField\":\"Photourl\",\"columnComment\":\"导演照片地址\",\"columnId\":37,\"columnName\":\"photourl\",\"columnType\":\"varchar(255)\",\"createBy\":\"\",\"createTime\":\"2025-05-24 20:17:47\",\"dictType\":\"\",\"edit\":true,\"htmlType\":\"input\",\"increment\":false,\"insert\":true,\"isEdit\":\"1\",\"isIncrement\":\"0\",\"isInsert\":\"1\",\"isList\":\"1\",\"isPk\":\"0\",\"isQuery\":\"0\",\"isRequired\":\"0\",\"javaField\":\"photourl\",\"javaType\":\"String\",\"list\":true,\"params\":{},\"pk\":false,\"query\":false,\"queryType\":\"EQ\",\"required\":false,\"sort\":3,\"superColumn\":false,\"tableId\":8,\"updateBy\":\"\",\"usableColumn\":false}],\"crud\":true,\"functionAuthor\":\"ruoyi\",\"functionName\":\"导演\",\"genPath\":\"/\",\"genType\":\"0\",\"moduleName\":\"directors\",\"options\":\"{\\\"parentMenuId\\\":2006}\",\"packageName\":\"com.movie.data\",\"params\":{\"parentMenuId\":2006},\"parentMenuId\":2006,\"sub\":false,\"subTableFkName\":\"\",\"subTableName\":\"\",\"tableComment\":\"导演','{\"msg\":\"操作成功\",\"code\":200}',0,NULL,'2025-05-24 20:18:26',11),(247,'代码生成',8,'com.movie.generator.controller.GenController.batchGenCode()','GET',1,'admin','管理部门','/tool/gen/batchGenCode','127.0.0.1','内网IP','{\"tables\":\"directors,actors\"}',NULL,0,NULL,'2025-05-24 20:18:29',179),(248,'代码生成',8,'com.movie.generator.controller.GenController.batchGenCode()','GET',1,'admin','管理部门','/tool/gen/batchGenCode','127.0.0.1','内网IP','{\"tables\":\"directors,actors\"}',NULL,0,NULL,'2025-05-24 20:18:30',82),(249,'电影表',2,'com.movie.data.controller.MoviesController.edit()','PUT',1,'admin','管理部门','/movies/movies','127.0.0.1','内网IP','{\"areaId\":1,\"count\":312,\"coverurl\":\"2\",\"description\":\"42\",\"genreId\":3,\"id\":5,\"monthcount\":312,\"name\":\"312\",\"params\":{},\"scoreCount\":1,\"scoreTotal\":1,\"see\":0,\"weekcount\":312312}','{\"msg\":\"操作成功\",\"code\":200}',0,NULL,'2025-05-24 20:31:40',18),(250,'导演',1,'com.movie.data.controller.DirectorsController.add()','POST',1,'admin','管理部门','/directors/directors','127.0.0.1','内网IP','{\"id\":1,\"name\":\"王五\",\"params\":{},\"photourl\":\"42\"}','{\"msg\":\"操作成功\",\"code\":200}',0,NULL,'2025-05-24 20:49:30',11),(251,'导演',1,'com.movie.data.controller.DirectorsController.add()','POST',1,'admin','管理部门','/directors/directors','127.0.0.1','内网IP','{\"id\":2,\"name\":\"李四\",\"params\":{},\"photourl\":\"42\"}','{\"msg\":\"操作成功\",\"code\":200}',0,NULL,'2025-05-24 20:49:37',4),(252,'导演',1,'com.movie.data.controller.DirectorsController.add()','POST',1,'admin','管理部门','/directors/directors','127.0.0.1','内网IP','{\"id\":3,\"name\":\"张三\",\"params\":{},\"photourl\":\"6\"}','{\"msg\":\"操作成功\",\"code\":200}',0,NULL,'2025-05-24 20:49:45',3),(253,'电影表',2,'com.movie.data.controller.MoviesController.edit()','PUT',1,'admin','管理部门','/movies/movies','127.0.0.1','内网IP','{\"areaId\":1,\"count\":312,\"coverurl\":\"2\",\"description\":\"42哇哇哇哇哇哇哇哇哇哇哇哇哇哇哇哇哇哇哇哇哇哇哇哇哇哇哇哇哇哇哇哇哇哇哇哇哇哇\",\"genreId\":3,\"id\":5,\"monthcount\":312,\"name\":\"312\",\"params\":{},\"scoreCount\":1,\"scoreTotal\":1,\"see\":0,\"weekcount\":312312}','{\"msg\":\"操作成功\",\"code\":200}',0,NULL,'2025-05-24 20:50:25',5),(254,'代码生成',2,'com.movie.generator.controller.GenController.synchDb()','GET',1,'admin','管理部门','/tool/gen/synchDb/actors','127.0.0.1','内网IP','{}','{\"msg\":\"操作成功\",\"code\":200}',0,NULL,'2025-05-24 22:00:32',151),(255,'代码生成',2,'com.movie.generator.controller.GenController.synchDb()','GET',1,'admin','管理部门','/tool/gen/synchDb/directors','127.0.0.1','内网IP','{}','{\"msg\":\"操作成功\",\"code\":200}',0,NULL,'2025-05-24 22:00:34',36),(256,'代码生成',2,'com.movie.generator.controller.GenController.editSave()','PUT',1,'admin','管理部门','/tool/gen','127.0.0.1','内网IP','{\"businessName\":\"actors\",\"className\":\"Actors\",\"columns\":[{\"capJavaField\":\"Id\",\"columnComment\":\"id\",\"columnId\":29,\"columnName\":\"id\",\"columnType\":\"bigint\",\"createBy\":\"admin\",\"createTime\":\"2025-05-24 00:04:05\",\"dictType\":\"\",\"edit\":false,\"htmlType\":\"input\",\"increment\":true,\"insert\":true,\"isIncrement\":\"1\",\"isInsert\":\"1\",\"isPk\":\"1\",\"isRequired\":\"0\",\"javaField\":\"id\",\"javaType\":\"Long\",\"list\":false,\"params\":{},\"pk\":true,\"query\":false,\"queryType\":\"EQ\",\"required\":false,\"sort\":1,\"superColumn\":false,\"tableId\":7,\"updateBy\":\"\",\"updateTime\":\"2025-05-24 22:00:32\",\"usableColumn\":false},{\"capJavaField\":\"Name\",\"columnComment\":\"主演名字\",\"columnId\":30,\"columnName\":\"name\",\"columnType\":\"varchar(100)\",\"createBy\":\"admin\",\"createTime\":\"2025-05-24 00:04:05\",\"dictType\":\"\",\"edit\":true,\"htmlType\":\"input\",\"increment\":false,\"insert\":true,\"isEdit\":\"1\",\"isIncrement\":\"0\",\"isInsert\":\"1\",\"isList\":\"1\",\"isPk\":\"0\",\"isQuery\":\"1\",\"isRequired\":\"1\",\"javaField\":\"name\",\"javaType\":\"String\",\"list\":true,\"params\":{},\"pk\":false,\"query\":true,\"queryType\":\"LIKE\",\"required\":true,\"sort\":2,\"superColumn\":false,\"tableId\":7,\"updateBy\":\"\",\"updateTime\":\"2025-05-24 22:00:32\",\"usableColumn\":false},{\"capJavaField\":\"Photourl\",\"columnComment\":\"主演照片url\",\"columnId\":36,\"columnName\":\"photourl\",\"columnType\":\"varchar(255)\",\"createBy\":\"\",\"createTime\":\"2025-05-24 20:17:44\",\"dictType\":\"\",\"edit\":true,\"htmlType\":\"input\",\"increment\":false,\"insert\":true,\"isEdit\":\"1\",\"isIncrement\":\"0\",\"isInsert\":\"1\",\"isList\":\"1\",\"isPk\":\"0\",\"isQuery\":\"0\",\"isRequired\":\"0\",\"javaField\":\"photourl\",\"javaType\":\"String\",\"list\":true,\"params\":{},\"pk\":false,\"query\":false,\"queryType\":\"EQ\",\"required\":false,\"sort\":3,\"superColumn\":false,\"tableId\":7,\"updateBy\":\"\",\"updateTime\":\"2025-05-24 22:00:32\",\"usableColumn\":false},{\"capJavaField\":\"Resume\",\"columnComment\":\"简介\",\"columnId\":38,\"columnName\":\"resume\",\"columnType\":\"varchar(255)\",\"createBy\":\"\",\"createTime\":\"2025-05-24 22:00:32\",\"dictType\":\"\",\"edit\":true,\"htmlType\":\"input\",\"increment\":false,\"insert\":true,\"isEdit\":\"1\",\"isIncrement\":\"0\",','{\"msg\":\"操作成功\",\"code\":200}',0,NULL,'2025-05-24 22:00:54',27),(257,'代码生成',2,'com.movie.generator.controller.GenController.editSave()','PUT',1,'admin','管理部门','/tool/gen','127.0.0.1','内网IP','{\"businessName\":\"directors\",\"className\":\"Directors\",\"columns\":[{\"capJavaField\":\"Id\",\"columnComment\":\"id\",\"columnId\":31,\"columnName\":\"id\",\"columnType\":\"bigint\",\"createBy\":\"admin\",\"createTime\":\"2025-05-24 00:04:05\",\"dictType\":\"\",\"edit\":false,\"htmlType\":\"input\",\"increment\":true,\"insert\":true,\"isIncrement\":\"1\",\"isInsert\":\"1\",\"isPk\":\"1\",\"isRequired\":\"0\",\"javaField\":\"id\",\"javaType\":\"Long\",\"list\":false,\"params\":{},\"pk\":true,\"query\":false,\"queryType\":\"EQ\",\"required\":false,\"sort\":1,\"superColumn\":false,\"tableId\":8,\"updateBy\":\"\",\"updateTime\":\"2025-05-24 22:00:34\",\"usableColumn\":false},{\"capJavaField\":\"Name\",\"columnComment\":\"导演名字\",\"columnId\":32,\"columnName\":\"name\",\"columnType\":\"varchar(100)\",\"createBy\":\"admin\",\"createTime\":\"2025-05-24 00:04:05\",\"dictType\":\"\",\"edit\":true,\"htmlType\":\"input\",\"increment\":false,\"insert\":true,\"isEdit\":\"1\",\"isIncrement\":\"0\",\"isInsert\":\"1\",\"isList\":\"1\",\"isPk\":\"0\",\"isQuery\":\"1\",\"isRequired\":\"1\",\"javaField\":\"name\",\"javaType\":\"String\",\"list\":true,\"params\":{},\"pk\":false,\"query\":true,\"queryType\":\"LIKE\",\"required\":true,\"sort\":2,\"superColumn\":false,\"tableId\":8,\"updateBy\":\"\",\"updateTime\":\"2025-05-24 22:00:34\",\"usableColumn\":false},{\"capJavaField\":\"Photourl\",\"columnComment\":\"导演照片\",\"columnId\":37,\"columnName\":\"photourl\",\"columnType\":\"varchar(255)\",\"createBy\":\"\",\"createTime\":\"2025-05-24 20:17:47\",\"dictType\":\"\",\"edit\":true,\"htmlType\":\"input\",\"increment\":false,\"insert\":true,\"isEdit\":\"1\",\"isIncrement\":\"0\",\"isInsert\":\"1\",\"isList\":\"1\",\"isPk\":\"0\",\"isQuery\":\"0\",\"isRequired\":\"0\",\"javaField\":\"photourl\",\"javaType\":\"String\",\"list\":true,\"params\":{},\"pk\":false,\"query\":false,\"queryType\":\"EQ\",\"required\":false,\"sort\":3,\"superColumn\":false,\"tableId\":8,\"updateBy\":\"\",\"updateTime\":\"2025-05-24 22:00:34\",\"usableColumn\":false},{\"capJavaField\":\"Resume\",\"columnComment\":\"简介\",\"columnId\":39,\"columnName\":\"resume\",\"columnType\":\"varchar(255)\",\"createBy\":\"\",\"createTime\":\"2025-05-24 22:00:34\",\"dictType\":\"\",\"edit\":true,\"htmlType\":\"input\",\"increment\":false,\"insert\":true,\"isEdit\":\"1\",\"isIncrement\":\"','{\"msg\":\"操作成功\",\"code\":200}',0,NULL,'2025-05-24 22:01:02',14),(258,'代码生成',8,'com.movie.generator.controller.GenController.batchGenCode()','GET',1,'admin','管理部门','/tool/gen/batchGenCode','127.0.0.1','内网IP','{\"tables\":\"actors,directors\"}',NULL,0,NULL,'2025-05-24 22:01:07',159),(259,'代码生成',8,'com.movie.generator.controller.GenController.batchGenCode()','GET',1,'admin','管理部门','/tool/gen/batchGenCode','127.0.0.1','内网IP','{\"tables\":\"actors,directors\"}',NULL,0,NULL,'2025-05-24 22:01:07',101),(260,'导演',2,'com.movie.data.controller.DirectorsController.edit()','PUT',1,'admin','管理部门','/directors/directors','127.0.0.1','内网IP','{\"id\":1,\"name\":\"王五\",\"params\":{},\"photourl\":\"42\",\"resume\":\"1111111111111111111111111111111111133333333333\"}','{\"msg\":\"操作成功\",\"code\":200}',0,NULL,'2025-05-24 22:06:03',14),(261,'导演',2,'com.movie.data.controller.DirectorsController.edit()','PUT',1,'admin','管理部门','/directors/directors','127.0.0.1','内网IP','{\"id\":2,\"name\":\"李四\",\"params\":{},\"photourl\":\"42\",\"resume\":\"2222222222222222222222222222222222222222222222222222222222222222222222222222222222222222222222222222222\"}','{\"msg\":\"操作成功\",\"code\":200}',0,NULL,'2025-05-24 22:06:10',4),(262,'导演',2,'com.movie.data.controller.DirectorsController.edit()','PUT',1,'admin','管理部门','/directors/directors','127.0.0.1','内网IP','{\"id\":3,\"name\":\"张三\",\"params\":{},\"photourl\":\"6\",\"resume\":\"333333333333333333333333333333333333333333333333333333333333333333333333333333333333333333333333\"}','{\"msg\":\"操作成功\",\"code\":200}',0,NULL,'2025-05-24 22:06:18',5),(263,'导演',2,'com.movie.data.controller.DirectorsController.edit()','PUT',1,'admin','管理部门','/directors/directors','127.0.0.1','内网IP','{\"id\":2,\"name\":\"李四\",\"params\":{},\"photourl\":\"42\",\"resume\":\"2222222222222222222222222222222222222224444444444444444444444444444444444444444444444444444444444442222222222222222222222222222222222222222222222222222222222222222\"}','{\"msg\":\"操作成功\",\"code\":200}',0,NULL,'2025-05-24 22:07:13',6),(264,'演员',2,'com.movie.data.controller.ActorsController.edit()','PUT',1,'admin','管理部门','/actors/actors','127.0.0.1','内网IP','{\"id\":1,\"name\":\"zgw\",\"params\":{},\"photourl\":\"332\",\"resume\":\"5555555555555555555555555555555555555555555555555555555555555\"}','{\"msg\":\"操作成功\",\"code\":200}',0,NULL,'2025-05-24 22:13:21',9),(265,'演员',2,'com.movie.data.controller.ActorsController.edit()','PUT',1,'admin','管理部门','/actors/actors','127.0.0.1','内网IP','{\"id\":2,\"name\":\"lx\",\"params\":{},\"photourl\":\"22\",\"resume\":\"54351\"}','{\"msg\":\"操作成功\",\"code\":200}',0,NULL,'2025-05-24 22:13:23',5),(266,'演员',2,'com.movie.data.controller.ActorsController.edit()','PUT',1,'admin','管理部门','/actors/actors','127.0.0.1','内网IP','{\"id\":3,\"name\":\"ft\",\"params\":{},\"photourl\":\"32\",\"resume\":\"653\"}','{\"msg\":\"操作成功\",\"code\":200}',0,NULL,'2025-05-24 22:13:26',5),(267,'电影表',5,'com.movie.data.controller.MoviesController.export()','POST',1,'admin','管理部门','/movies/movies/export','127.0.0.1','内网IP','{\"pageSize\":\"10\",\"pageNum\":\"1\"}',NULL,0,NULL,'2025-05-24 22:48:57',608),(268,'代码生成',3,'com.movie.generator.controller.GenController.remove()','DELETE',1,'admin','管理部门','/tool/gen/1','127.0.0.1','内网IP','[1]','{\"msg\":\"操作成功\",\"code\":200}',0,NULL,'2025-05-24 22:54:06',26),(269,'代码生成',3,'com.movie.generator.controller.GenController.remove()','DELETE',1,'admin','管理部门','/tool/gen/2','127.0.0.1','内网IP','[2]','{\"msg\":\"操作成功\",\"code\":200}',0,NULL,'2025-05-24 22:54:09',11),(270,'电影表',2,'com.movie.data.controller.MoviesController.edit()','PUT',1,'admin','管理部门','/movies/movies','127.0.0.1','内网IP','{\"areaId\":1,\"count\":312,\"coverurl\":\"2\",\"description\":\"42哇哇哇哇哇哇哇哇哇哇哇哇哇哇哇哇哇哇哇哇哇哇哇哇哇哇哇哇哇哇哇哇哇哇哇哇哇哇\",\"genreId\":3,\"id\":5,\"monthcount\":312,\"name\":\"312\",\"params\":{},\"scoreCount\":1,\"scoreTotal\":1,\"see\":0,\"weekcount\":312312}','{\"msg\":\"操作成功\",\"code\":200}',0,NULL,'2025-05-25 14:14:29',24),(271,'电影表',2,'com.movie.data.controller.MoviesController.edit()','PUT',1,'admin','管理部门','/movies/movies','127.0.0.1','内网IP','{\"areaId\":1,\"count\":312,\"coverurl\":\"2\",\"description\":\"42哇哇哇哇哇哇哇哇哇哇哇哇哇哇哇哇哇哇哇哇哇哇哇哇哇哇哇哇哇哇哇哇哇哇哇哇哇哇\",\"genreId\":3,\"id\":5,\"monthcount\":312,\"name\":\"312\",\"params\":{},\"scoreCount\":1,\"scoreTotal\":1,\"see\":0,\"weekcount\":312312}','{\"msg\":\"操作成功\",\"code\":200}',0,NULL,'2025-05-25 14:14:44',5),(272,'电影表',2,'com.movie.data.controller.MoviesController.edit()','PUT',1,'admin','管理部门','/movies/movies','127.0.0.1','内网IP','{\"areaId\":1,\"count\":312,\"coverurl\":\"2\",\"description\":\"42哇哇哇哇哇哇哇哇哇哇哇哇哇哇哇哇哇哇哇哇哇哇哇哇哇哇哇哇哇哇哇哇哇哇哇哇哇哇\",\"genreId\":3,\"id\":5,\"monthcount\":312,\"name\":\"312\",\"params\":{},\"scoreCount\":1,\"scoreTotal\":1,\"see\":0,\"weekcount\":312312}','{\"msg\":\"操作成功\",\"code\":200}',0,NULL,'2025-05-25 14:15:39',7),(273,'电影表',2,'com.movie.data.controller.MoviesController.edit()','PUT',1,'admin','管理部门','/movies/movies','127.0.0.1','内网IP','{\"areaId\":1,\"count\":312,\"coverurl\":\"2\",\"description\":\"42哇哇哇哇哇哇哇哇哇哇哇哇哇哇哇哇哇哇哇哇哇哇哇哇哇哇哇哇哇哇哇哇哇哇哇哇哇哇\",\"genreId\":3,\"id\":5,\"monthcount\":312,\"name\":\"312\",\"params\":{},\"scoreCount\":1,\"scoreTotal\":1,\"see\":0,\"weekcount\":312312}','{\"msg\":\"操作成功\",\"code\":200}',0,NULL,'2025-05-25 14:15:55',4),(274,'电影表',2,'com.movie.data.controller.MoviesController.edit()','PUT',1,'admin','管理部门','/movies/movies','127.0.0.1','内网IP','{\"areaId\":1,\"count\":312,\"coverurl\":\"2\",\"description\":\"42哇哇哇哇哇哇哇哇哇哇哇哇哇哇哇哇哇哇哇哇哇哇哇哇哇哇哇哇哇哇哇哇哇哇哇哇哇哇\",\"genreId\":3,\"id\":5,\"monthcount\":312,\"name\":\"312\",\"params\":{},\"scoreCount\":1,\"scoreTotal\":1,\"see\":0,\"weekcount\":312312}','{\"msg\":\"操作成功\",\"code\":200}',0,NULL,'2025-05-25 14:21:32',11),(275,'电影表',2,'com.movie.data.controller.MoviesController.edit()','PUT',1,'admin','管理部门','/movies/movies','127.0.0.1','内网IP','{\"areaId\":1,\"count\":312,\"coverurl\":\"2\",\"description\":\"42哇哇哇哇哇哇哇哇哇哇哇哇哇哇哇哇哇哇哇哇哇哇哇哇哇哇哇哇哇哇哇哇哇哇哇哇哇哇\",\"genreId\":3,\"id\":5,\"monthcount\":312,\"name\":\"312\",\"params\":{},\"scoreCount\":1,\"scoreTotal\":1,\"see\":0,\"weekcount\":312312}','{\"msg\":\"操作成功\",\"code\":200}',0,NULL,'2025-05-25 14:21:49',0),(276,'电影表',2,'com.movie.data.controller.MoviesController.edit()','PUT',1,'admin','管理部门','/movies/movies','127.0.0.1','内网IP','{\"areaId\":1,\"count\":312,\"coverurl\":\"2\",\"description\":\"42哇哇哇哇哇哇哇哇哇哇哇哇哇哇哇哇哇哇哇哇哇哇哇哇哇哇哇哇哇哇哇哇哇哇哇哇哇哇\",\"genreId\":3,\"id\":5,\"monthcount\":312,\"name\":\"312\",\"params\":{},\"scoreCount\":1,\"scoreTotal\":1,\"see\":0,\"weekcount\":312312}','{\"msg\":\"操作成功\",\"code\":200}',0,NULL,'2025-05-25 14:22:34',1),(277,'电影表',2,'com.movie.data.controller.MoviesController.edit()','PUT',1,'admin','管理部门','/movies/movies','127.0.0.1','内网IP','{\"actors\":[3,1],\"directors\":[1]}',NULL,1,'\r\n### Error updating database.  Cause: java.sql.SQLSyntaxErrorException: You have an error in your SQL syntax; check the manual that corresponds to your MySQL server version for the right syntax to use near \'where id = null\' at line 3\r\n### The error may exist in file [C:\\Users\\ROG\\Desktop\\JavaFinal\\movie\\movie-data\\target\\classes\\mapper\\movies\\MoviesMapper.xml]\r\n### The error may involve com.movie.data.mapper.MoviesMapper.updateMovies-Inline\r\n### The error occurred while setting parameters\r\n### SQL: update movies                    where id = ?\r\n### Cause: java.sql.SQLSyntaxErrorException: You have an error in your SQL syntax; check the manual that corresponds to your MySQL server version for the right syntax to use near \'where id = null\' at line 3\n; bad SQL grammar []; nested exception is java.sql.SQLSyntaxErrorException: You have an error in your SQL syntax; check the manual that corresponds to your MySQL server version for the right syntax to use near \'where id = null\' at line 3','2025-05-25 14:27:46',79),(278,'电影表',2,'com.movie.data.controller.MoviesController.edit()','PUT',1,'admin','管理部门','/movies/movies','127.0.0.1','内网IP','{\"actors\":[3],\"directors\":[1]}',NULL,1,'\r\n### Error updating database.  Cause: java.sql.SQLSyntaxErrorException: You have an error in your SQL syntax; check the manual that corresponds to your MySQL server version for the right syntax to use near \'where id = null\' at line 3\r\n### The error may exist in file [C:\\Users\\ROG\\Desktop\\JavaFinal\\movie\\movie-data\\target\\classes\\mapper\\movies\\MoviesMapper.xml]\r\n### The error may involve com.movie.data.mapper.MoviesMapper.updateMovies-Inline\r\n### The error occurred while setting parameters\r\n### SQL: update movies                    where id = ?\r\n### Cause: java.sql.SQLSyntaxErrorException: You have an error in your SQL syntax; check the manual that corresponds to your MySQL server version for the right syntax to use near \'where id = null\' at line 3\n; bad SQL grammar []; nested exception is java.sql.SQLSyntaxErrorException: You have an error in your SQL syntax; check the manual that corresponds to your MySQL server version for the right syntax to use near \'where id = null\' at line 3','2025-05-25 14:28:07',5),(279,'电影表',2,'com.movie.data.controller.MoviesController.edit()','PUT',1,'admin','管理部门','/movies/movies','127.0.0.1','内网IP','{\"actors\":[3],\"directors\":[1]}','{\"msg\":\"操作成功\",\"code\":200}',0,NULL,'2025-05-25 14:28:42',9),(280,'电影表',2,'com.movie.data.controller.MoviesController.edit()','PUT',1,'admin','管理部门','/movies/movies','127.0.0.1','内网IP','{\"actors\":[3,2],\"directors\":[1]}','{\"msg\":\"操作成功\",\"code\":200}',0,NULL,'2025-05-25 14:28:59',0),(281,'电影表',2,'com.movie.data.controller.MoviesController.edit()','PUT',1,'admin','管理部门','/movies/movies','127.0.0.1','内网IP','{\"actors\":[3],\"directors\":[1],\"movies\":{\"areaId\":1,\"count\":312,\"coverurl\":\"2\",\"description\":\"42哇哇哇哇哇哇哇哇哇哇哇哇哇哇哇哇哇哇哇哇哇哇哇哇哇哇哇哇哇哇哇哇哇哇哇哇哇哇\",\"genreId\":3,\"id\":5,\"monthcount\":312,\"name\":\"312\",\"params\":{},\"scoreCount\":1,\"scoreTotal\":1,\"see\":0,\"weekcount\":312312}}','{\"msg\":\"操作成功\",\"code\":200}',0,NULL,'2025-05-25 14:32:28',10),(282,'电影表',2,'com.movie.data.controller.MoviesController.edit()','PUT',1,'admin','管理部门','/movies/movies','127.0.0.1','内网IP','{\"actors\":[3,1],\"directors\":[1],\"movies\":{\"areaId\":1,\"count\":312,\"coverurl\":\"2\",\"description\":\"42哇哇哇哇哇哇哇哇哇哇哇哇哇哇哇哇哇哇哇哇哇哇哇哇哇哇哇哇哇哇哇哇哇哇哇哇哇哇\",\"genreId\":3,\"id\":5,\"monthcount\":312,\"name\":\"312\",\"params\":{},\"scoreCount\":1,\"scoreTotal\":1,\"see\":0,\"weekcount\":312312}}',NULL,1,'\r\n### Error updating database.  Cause: java.sql.SQLSyntaxErrorException: You have an error in your SQL syntax; check the manual that corresponds to your MySQL server version for the right syntax to use near \'delete from movie_actor where movie_id = 5;\n\n          \n            insert into \' at line 15\r\n### The error may exist in file [C:\\Users\\ROG\\Desktop\\JavaFinal\\movie\\movie-data\\target\\classes\\mapper\\movies\\MoviesMapper.xml]\r\n### The error may involve defaultParameterMap\r\n### The error occurred while setting parameters\r\n### SQL: update movies          SET name = ?,             area_id = ?,             genre_id = ?,             count = ?,             weekcount = ?,             monthcount = ?,             see = ?,             description = ?,             score_total = ?,             score_count = ?,             coverurl = ?          where id = ?;          delete from movie_actor where movie_id = ?;                         insert into movie_actor (movie_id, actor_id) values (?, ?)          ;              insert into movie_actor (movie_id, actor_id) values (?, ?)          ;          delete from movie_director where movie_id = ?;                         insert into movie_director (movie_id, director_id) values (?, ?)\r\n### Cause: java.sql.SQLSyntaxErrorException: You have an error in your SQL syntax; check the manual that corresponds to your MySQL server version for the right syntax to use near \'delete from movie_actor where movie_id = 5;\n\n          \n            insert into \' at line 15\n; bad SQL grammar []; nested exception is java.sql.SQLSyntaxErrorException: You have an error in your SQL syntax; check the manual that corresponds to your MySQL server version for the right syntax to use near \'delete from movie_actor where movie_id = 5;\n\n          \n            insert into \' at line 15','2025-05-25 14:41:29',138),(283,'电影表',2,'com.movie.data.controller.MoviesController.edit()','PUT',1,'admin','管理部门','/movies/movies','127.0.0.1','内网IP','{\"actors\":[3,1],\"directors\":[1],\"movies\":{\"areaId\":1,\"count\":312,\"coverurl\":\"2\",\"description\":\"42哇哇哇哇哇哇哇哇哇哇哇哇哇哇哇哇哇哇哇哇哇哇哇哇哇哇哇哇哇哇哇哇哇哇哇哇哇哇\",\"genreId\":3,\"id\":5,\"monthcount\":312,\"name\":\"312\",\"params\":{},\"scoreCount\":1,\"scoreTotal\":1,\"see\":0,\"weekcount\":312312}}',NULL,1,'\r\n### Error updating database.  Cause: java.sql.SQLSyntaxErrorException: You have an error in your SQL syntax; check the manual that corresponds to your MySQL server version for the right syntax to use near \'delete from movie_actor where movie_id = 5;\n\n          \n            insert into \' at line 15\r\n### The error may exist in file [C:\\Users\\ROG\\Desktop\\JavaFinal\\movie\\movie-data\\target\\classes\\mapper\\movies\\MoviesMapper.xml]\r\n### The error may involve defaultParameterMap\r\n### The error occurred while setting parameters\r\n### SQL: update movies          SET name = ?,             area_id = ?,             genre_id = ?,             count = ?,             weekcount = ?,             monthcount = ?,             see = ?,             description = ?,             score_total = ?,             score_count = ?,             coverurl = ?          where id = ?;          delete from movie_actor where movie_id = ?;                         insert into movie_actor (movie_id, actor_id) values (?, ?)          ,              insert into movie_actor (movie_id, actor_id) values (?, ?)          ;          delete from movie_director where movie_id = ?;                         insert into movie_director (movie_id, director_id) values (?, ?)\r\n### Cause: java.sql.SQLSyntaxErrorException: You have an error in your SQL syntax; check the manual that corresponds to your MySQL server version for the right syntax to use near \'delete from movie_actor where movie_id = 5;\n\n          \n            insert into \' at line 15\n; bad SQL grammar []; nested exception is java.sql.SQLSyntaxErrorException: You have an error in your SQL syntax; check the manual that corresponds to your MySQL server version for the right syntax to use near \'delete from movie_actor where movie_id = 5;\n\n          \n            insert into \' at line 15','2025-05-25 14:42:52',141),(284,'电影表',2,'com.movie.data.controller.MoviesController.edit()','PUT',1,'admin','管理部门','/movies/movies','127.0.0.1','内网IP','{\"actors\":[3,1],\"directors\":[1],\"movies\":{\"areaId\":1,\"count\":312,\"coverurl\":\"2\",\"description\":\"42哇哇哇哇哇哇哇哇哇哇哇哇哇哇哇哇哇哇哇哇哇哇哇哇哇哇哇哇哇哇哇哇哇哇哇哇哇哇\",\"genreId\":3,\"id\":5,\"monthcount\":312,\"name\":\"312\",\"params\":{},\"scoreCount\":1,\"scoreTotal\":1,\"see\":0,\"weekcount\":312312}}',NULL,1,'nested exception is org.apache.ibatis.binding.BindingException: Parameter \'name\' not found. Available parameters are [movies, param1]','2025-05-25 14:53:13',11),(285,'电影表',2,'com.movie.data.controller.MoviesController.edit()','PUT',1,'admin','管理部门','/movies/movies','127.0.0.1','内网IP','{\"actors\":[3,1],\"directors\":[1],\"movies\":{\"areaId\":1,\"count\":312,\"coverurl\":\"2\",\"description\":\"42哇哇哇哇哇哇哇哇哇哇哇哇哇哇哇哇哇哇哇哇哇哇哇哇哇哇哇哇哇哇哇哇哇哇哇哇哇哇\",\"genreId\":3,\"id\":5,\"monthcount\":312,\"name\":\"312\",\"params\":{},\"scoreCount\":1,\"scoreTotal\":1,\"see\":0,\"weekcount\":312312}}',NULL,1,'nested exception is org.apache.ibatis.binding.BindingException: Parameter \'list\' not found. Available parameters are [actorId, movieId, param1, param2]','2025-05-25 14:54:59',31),(286,'电影表',2,'com.movie.data.controller.MoviesController.edit()','PUT',1,'admin','管理部门','/movies/movies','127.0.0.1','内网IP','{\"actors\":[3,1],\"directors\":[1],\"movies\":{\"areaId\":1,\"count\":312,\"coverurl\":\"2\",\"description\":\"42哇哇哇哇哇哇哇哇哇哇哇哇哇哇哇哇哇哇哇哇哇哇哇哇哇哇哇哇哇哇哇哇哇哇哇哇哇哇\",\"genreId\":3,\"id\":5,\"monthcount\":312,\"name\":\"312\",\"params\":{},\"scoreCount\":1,\"scoreTotal\":1,\"see\":0,\"weekcount\":312312}}',NULL,1,'nested exception is org.apache.ibatis.binding.BindingException: Parameter \'list\' not found. Available parameters are [actorId, movieId, param1, param2]','2025-05-25 14:56:07',41),(287,'电影表',2,'com.movie.data.controller.MoviesController.edit()','PUT',1,'admin','管理部门','/movies/movies','127.0.0.1','内网IP','{\"actors\":[3,1],\"directors\":[1],\"movies\":{\"areaId\":1,\"count\":312,\"coverurl\":\"2\",\"description\":\"42哇哇哇哇哇哇哇哇哇哇哇哇哇哇哇哇哇哇哇哇哇哇哇哇哇哇哇哇哇哇哇哇哇哇哇哇哇哇\",\"genreId\":3,\"id\":5,\"monthcount\":312,\"name\":\"312\",\"params\":{},\"scoreCount\":1,\"scoreTotal\":1,\"see\":0,\"weekcount\":312312}}',NULL,1,'nested exception is org.apache.ibatis.binding.BindingException: Parameter \'list\' not found. Available parameters are [actorId, movieId, param1, param2]','2025-05-25 14:56:55',36),(288,'电影表',2,'com.movie.data.controller.MoviesController.edit()','PUT',1,'admin','管理部门','/movies/movies','127.0.0.1','内网IP','{\"actors\":[1],\"directors\":[2,3],\"movies\":{\"areaId\":1,\"count\":312,\"coverurl\":\"2\",\"description\":\"42哇哇哇哇哇哇哇哇哇哇哇哇哇哇哇哇哇哇哇哇哇哇哇哇哇哇哇哇哇哇哇哇哇哇哇哇哇哇\",\"genreId\":3,\"id\":5,\"monthcount\":312,\"name\":\"312\",\"params\":{},\"scoreCount\":1,\"scoreTotal\":1,\"see\":0,\"weekcount\":312312}}',NULL,1,'\r\n### Error updating database.  Cause: java.sql.SQLSyntaxErrorException: You have an error in your SQL syntax; check the manual that corresponds to your MySQL server version for the right syntax to use near \'insert into movie_director(movie_id, director_id) values (5, 3)\' at line 3\r\n### The error may exist in file [C:\\Users\\ROG\\Desktop\\JavaFinal\\movie\\movie-data\\target\\classes\\mapper\\movies\\MoviesMapper.xml]\r\n### The error may involve defaultParameterMap\r\n### The error occurred while setting parameters\r\n### SQL: insert into movie_director(movie_id, director_id) values (?, ?)          ;              insert into movie_director(movie_id, director_id) values (?, ?)\r\n### Cause: java.sql.SQLSyntaxErrorException: You have an error in your SQL syntax; check the manual that corresponds to your MySQL server version for the right syntax to use near \'insert into movie_director(movie_id, director_id) values (5, 3)\' at line 3\n; bad SQL grammar []; nested exception is java.sql.SQLSyntaxErrorException: You have an error in your SQL syntax; check the manual that corresponds to your MySQL server version for the right syntax to use near \'insert into movie_director(movie_id, director_id) values (5, 3)\' at line 3','2025-05-25 15:01:27',164),(289,'电影表',2,'com.movie.data.controller.MoviesController.edit()','PUT',1,'admin','管理部门','/movies/movies','127.0.0.1','内网IP','{\"actors\":[3],\"directors\":[2,3],\"movies\":{\"areaId\":1,\"count\":312,\"coverurl\":\"2\",\"description\":\"42哇哇哇哇哇哇哇哇哇哇哇哇哇哇哇哇哇哇哇哇哇哇哇哇哇哇哇哇哇哇哇哇哇哇哇哇哇哇\",\"genreId\":3,\"id\":5,\"monthcount\":312,\"name\":\"312\",\"params\":{},\"scoreCount\":1,\"scoreTotal\":1,\"see\":0,\"weekcount\":312312}}','{\"msg\":\"操作成功\",\"code\":200}',0,NULL,'2025-05-25 15:03:11',104),(290,'电影表',2,'com.movie.data.controller.MoviesController.edit()','PUT',1,'admin','管理部门','/movies/movies','127.0.0.1','内网IP','{\"actors\":[3],\"directors\":[2],\"movies\":{\"areaId\":1,\"count\":312,\"coverurl\":\"2\",\"description\":\"42哇哇哇哇哇哇哇哇哇哇哇哇哇哇哇哇哇哇哇哇哇哇哇哇哇哇哇哇哇哇哇哇哇哇哇哇哇哇\",\"genreId\":3,\"id\":5,\"monthcount\":312,\"name\":\"312\",\"params\":{},\"scoreCount\":1,\"scoreTotal\":1,\"see\":0,\"weekcount\":312312}}','{\"msg\":\"操作成功\",\"code\":200}',0,NULL,'2025-05-25 15:03:23',16),(291,'电影表',2,'com.movie.data.controller.MoviesController.edit()','PUT',1,'admin','管理部门','/movies/movies','127.0.0.1','内网IP','{\"actors\":[3],\"directors\":[3],\"movies\":{\"areaId\":1,\"count\":312,\"coverurl\":\"2\",\"description\":\"42哇哇哇哇哇哇哇哇哇哇哇哇哇哇哇哇哇哇哇哇哇哇哇哇哇哇哇哇哇哇哇哇哇哇哇哇哇哇\",\"genreId\":3,\"id\":5,\"monthcount\":312,\"name\":\"312\",\"params\":{},\"scoreCount\":1,\"scoreTotal\":1,\"see\":0,\"weekcount\":312312}}','{\"msg\":\"操作成功\",\"code\":200}',0,NULL,'2025-05-25 15:03:35',13),(292,'电影表',2,'com.movie.data.controller.MoviesController.edit()','PUT',1,'admin','管理部门','/movies/movies','127.0.0.1','内网IP','{\"actors\":[2,1],\"directors\":[3,1],\"movies\":{\"areaId\":1,\"count\":312,\"coverurl\":\"2\",\"description\":\"42哇哇哇哇哇哇哇哇哇哇哇哇哇哇哇哇哇哇哇哇哇哇哇哇哇哇哇哇哇哇哇哇哇哇哇哇哇哇\",\"genreId\":3,\"id\":5,\"monthcount\":312,\"name\":\"312\",\"params\":{},\"scoreCount\":1,\"scoreTotal\":1,\"see\":0,\"weekcount\":312312}}','{\"msg\":\"操作成功\",\"code\":200}',0,NULL,'2025-05-25 15:03:49',12),(293,'电影表',2,'com.movie.data.controller.MoviesController.edit()','PUT',1,'admin','管理部门','/movies/movies','127.0.0.1','内网IP','{\"actors\":[2],\"directors\":[1],\"movies\":{\"areaId\":1,\"count\":312,\"coverurl\":\"2\",\"description\":\"42哇哇哇哇哇哇哇哇哇哇哇哇哇哇哇哇哇哇哇哇哇哇哇哇哇哇哇哇哇哇哇哇哇哇哇哇哇哇\",\"genreId\":3,\"id\":5,\"monthcount\":312,\"name\":\"312\",\"params\":{},\"scoreCount\":1,\"scoreTotal\":1,\"see\":0,\"weekcount\":312312}}','{\"msg\":\"操作成功\",\"code\":200}',0,NULL,'2025-05-25 15:04:02',15),(294,'电影表',1,'com.movie.data.controller.MoviesController.add()','POST',1,'admin','管理部门','/movies/movies','127.0.0.1','内网IP','{\"actors\":[1,3],\"directors\":[1],\"movies\":{\"areaId\":1,\"count\":32,\"coverurl\":\"321\",\"description\":\"321\",\"genreId\":2,\"id\":7,\"monthcount\":321,\"name\":\"哥哥\",\"params\":{},\"scoreCount\":321,\"scoreTotal\":312,\"see\":0,\"weekcount\":321}}','{\"msg\":\"操作成功\",\"code\":200}',0,NULL,'2025-05-25 16:40:32',102),(295,'电影表',2,'com.movie.data.controller.MoviesController.edit()','PUT',1,'admin','管理部门','/movies/movies','127.0.0.1','内网IP','{\"actors\":[2,1],\"directors\":[1],\"movies\":{\"areaId\":1,\"count\":312,\"coverurl\":\"2\",\"description\":\"42哇哇哇哇哇哇哇哇哇哇哇哇哇哇哇哇哇哇哇哇哇哇哇哇哇哇哇哇哇哇哇哇哇哇哇哇哇哇\",\"genreId\":3,\"id\":5,\"monthcount\":312,\"name\":\"312\",\"params\":{},\"scoreCount\":1,\"scoreTotal\":1,\"see\":0,\"weekcount\":312312}}','{\"msg\":\"操作成功\",\"code\":200}',0,NULL,'2025-05-25 16:40:46',19),(296,'电影表',1,'com.movie.data.controller.MoviesController.add()','POST',1,'admin','管理部门','/movies/movies','127.0.0.1','内网IP','{\"actors\":[1,2],\"directors\":[1,2],\"movies\":{\"areaId\":1,\"count\":2,\"coverurl\":\"2\",\"description\":\"2\",\"genreId\":2,\"id\":8,\"monthcount\":2,\"name\":\"332\",\"params\":{},\"scoreCount\":2,\"scoreTotal\":2,\"see\":1,\"weekcount\":2}}','{\"msg\":\"操作成功\",\"code\":200}',0,NULL,'2025-05-25 16:41:03',12),(297,'电影表',1,'com.movie.data.controller.MoviesController.add()','POST',1,'admin','管理部门','/movies/movies','127.0.0.1','内网IP','{\"actors\":[1,2,3],\"directors\":[1,2,3],\"movies\":{\"areaId\":2,\"count\":3,\"coverurl\":\"3\",\"description\":\"3\",\"genreId\":1,\"id\":9,\"monthcount\":3,\"name\":\"32\",\"params\":{},\"scoreCount\":3,\"scoreTotal\":3,\"see\":0,\"weekcount\":3}}','{\"msg\":\"操作成功\",\"code\":200}',0,NULL,'2025-05-25 16:41:25',10),(298,'电影表',2,'com.movie.data.controller.MoviesController.edit()','PUT',1,'admin','管理部门','/movies/movies','127.0.0.1','内网IP','{\"actors\":[1,2,3],\"directors\":[1,2,3],\"movies\":{\"areaId\":1,\"count\":312,\"coverurl\":\"2\",\"description\":\"42哇哇哇哇哇哇哇哇哇哇哇哇哇哇哇哇哇哇哇哇哇哇哇哇哇哇哇哇哇哇哇哇哇哇哇哇哇哇\",\"genreId\":3,\"id\":5,\"monthcount\":312,\"name\":\"312\",\"params\":{},\"scoreCount\":1,\"scoreTotal\":1,\"see\":0,\"weekcount\":312312}}','{\"msg\":\"操作成功\",\"code\":200}',0,NULL,'2025-05-25 16:41:36',12),(299,'电影表',1,'com.movie.data.controller.MoviesController.add()','POST',1,'admin','管理部门','/movies/movies','127.0.0.1','内网IP','{\"actors\":[1,2],\"directors\":[2,3],\"movies\":{\"areaId\":1,\"count\":3,\"coverurl\":\"3\",\"description\":\"3\",\"genreId\":1,\"id\":10,\"monthcount\":3,\"name\":\"3\",\"params\":{},\"scoreCount\":3,\"scoreTotal\":3,\"see\":1,\"weekcount\":3}}','{\"msg\":\"操作成功\",\"code\":200}',0,NULL,'2025-05-25 16:43:02',10),(300,'电影表',2,'com.movie.data.controller.MoviesController.edit()','PUT',1,'admin','管理部门','/movies/movies','127.0.0.1','内网IP','{\"actors\":[2],\"directors\":[2,3],\"movies\":{\"areaId\":1,\"count\":3,\"coverurl\":\"3\",\"description\":\"3\",\"genreId\":1,\"id\":10,\"monthcount\":3,\"name\":\"3\",\"params\":{},\"scoreCount\":3,\"scoreTotal\":3,\"see\":1,\"weekcount\":3}}','{\"msg\":\"操作成功\",\"code\":200}',0,NULL,'2025-05-25 17:03:59',116),(301,'电影表',1,'com.movie.data.controller.MoviesController.add()','POST',1,'admin','管理部门','/movies/movies','127.0.0.1','内网IP','{\"actors\":[1],\"directors\":[],\"movies\":{\"areaId\":1,\"id\":11,\"name\":\"55\",\"params\":{}}}','{\"msg\":\"操作成功\",\"code\":200}',0,NULL,'2025-05-25 17:04:10',13),(302,'电影表',2,'com.movie.data.controller.MoviesController.edit()','PUT',1,'admin','管理部门','/movies/movies','127.0.0.1','内网IP','{\"actors\":[1,2,3],\"directors\":[1,2,3],\"movies\":{\"areaId\":1,\"count\":312,\"coverurl\":\"2\",\"description\":\"42哇哇哇哇哇哇哇哇哇哇哇哇哇哇哇哇哇哇哇哇哇哇哇哇哇哇哇哇哇哇哇哇哇哇哇哇哇哇\",\"genreId\":3,\"id\":5,\"monthcount\":312,\"name\":\"312\",\"params\":{},\"releaseDate\":2015,\"scoreCount\":1,\"scoreTotal\":1,\"see\":0,\"weekcount\":312312}}','{\"msg\":\"操作成功\",\"code\":200}',0,NULL,'2025-05-25 17:23:36',122),(303,'电影表',2,'com.movie.data.controller.MoviesController.edit()','PUT',1,'admin','管理部门','/movies/movies','127.0.0.1','内网IP','{\"actors\":[1,2],\"directors\":[2],\"movies\":{\"areaId\":3,\"count\":53,\"genreId\":1,\"id\":6,\"name\":\"53\",\"params\":{},\"scoreCount\":0,\"scoreTotal\":0,\"see\":0,\"weekcount\":53}}','{\"msg\":\"操作成功\",\"code\":200}',0,NULL,'2025-05-25 17:24:03',13),(304,'电影表',2,'com.movie.data.controller.MoviesController.edit()','PUT',1,'admin','管理部门','/movies/movies','127.0.0.1','内网IP','{\"actors\":[1,2,3],\"directors\":[1,2,3],\"movies\":{\"areaId\":1,\"count\":312,\"coverurl\":\"2\",\"description\":\"42哇哇哇哇哇哇哇哇哇哇哇哇哇哇哇哇哇哇哇哇哇哇哇哇哇哇哇哇哇哇哇哇哇哇哇哇哇哇\",\"genreId\":3,\"id\":5,\"monthcount\":312,\"name\":\"312\",\"params\":{},\"releaseDate\":2025,\"scoreCount\":1,\"scoreTotal\":1,\"see\":0,\"weekcount\":312312}}','{\"msg\":\"操作成功\",\"code\":200}',0,NULL,'2025-05-25 17:39:46',131),(305,'电影表',2,'com.movie.data.controller.MoviesController.edit()','PUT',1,'admin','管理部门','/movies/movies','127.0.0.1','内网IP','{\"actors\":[1,2],\"directors\":[2],\"movies\":{\"areaId\":3,\"count\":53,\"genreId\":1,\"id\":6,\"name\":\"53\",\"params\":{},\"releaseDate\":2023,\"scoreCount\":0,\"scoreTotal\":0,\"see\":0,\"weekcount\":53}}','{\"msg\":\"操作成功\",\"code\":200}',0,NULL,'2025-05-25 17:40:07',15),(306,'电影表',3,'com.movie.data.controller.MoviesController.remove()','DELETE',1,'admin','管理部门','/movies/movies/5,6','127.0.0.1','内网IP','[5,6]',NULL,1,'\r\n### Error updating database.  Cause: java.sql.SQLIntegrityConstraintViolationException: Cannot delete or update a parent row: a foreign key constraint fails (`movie_web`.`movie_actor`, CONSTRAINT `movie_actor_ibfk_1` FOREIGN KEY (`movie_id`) REFERENCES `movies` (`id`))\r\n### The error may exist in file [C:\\Users\\ROG\\Desktop\\JavaFinal\\movie\\movie-data\\target\\classes\\mapper\\movies\\MoviesMapper.xml]\r\n### The error may involve com.movie.data.mapper.MoviesMapper.deleteMoviesByIds-Inline\r\n### The error occurred while setting parameters\r\n### SQL: delete from movies where id in           (               ?          ,              ?          )\r\n### Cause: java.sql.SQLIntegrityConstraintViolationException: Cannot delete or update a parent row: a foreign key constraint fails (`movie_web`.`movie_actor`, CONSTRAINT `movie_actor_ibfk_1` FOREIGN KEY (`movie_id`) REFERENCES `movies` (`id`))\n; Cannot delete or update a parent row: a foreign key constraint fails (`movie_web`.`movie_actor`, CONSTRAINT `movie_actor_ibfk_1` FOREIGN KEY (`movie_id`) REFERENCES `movies` (`id`)); nested exception is java.sql.SQLIntegrityConstraintViolationException: Cannot delete or update a parent row: a foreign key constraint fails (`movie_web`.`movie_actor`, CONSTRAINT `movie_actor_ibfk_1` FOREIGN KEY (`movie_id`) REFERENCES `movies` (`id`))','2025-05-25 19:58:13',81),(307,'电影表',3,'com.movie.data.controller.MoviesController.remove()','DELETE',1,'admin','管理部门','/movies/movies/5','127.0.0.1','内网IP','[5]',NULL,1,'\r\n### Error updating database.  Cause: java.sql.SQLIntegrityConstraintViolationException: Cannot delete or update a parent row: a foreign key constraint fails (`movie_web`.`movie_actor`, CONSTRAINT `movie_actor_ibfk_1` FOREIGN KEY (`movie_id`) REFERENCES `movies` (`id`))\r\n### The error may exist in file [C:\\Users\\ROG\\Desktop\\JavaFinal\\movie\\movie-data\\target\\classes\\mapper\\movies\\MoviesMapper.xml]\r\n### The error may involve com.movie.data.mapper.MoviesMapper.deleteMoviesByIds-Inline\r\n### The error occurred while setting parameters\r\n### SQL: delete from movies where id in           (               ?          )\r\n### Cause: java.sql.SQLIntegrityConstraintViolationException: Cannot delete or update a parent row: a foreign key constraint fails (`movie_web`.`movie_actor`, CONSTRAINT `movie_actor_ibfk_1` FOREIGN KEY (`movie_id`) REFERENCES `movies` (`id`))\n; Cannot delete or update a parent row: a foreign key constraint fails (`movie_web`.`movie_actor`, CONSTRAINT `movie_actor_ibfk_1` FOREIGN KEY (`movie_id`) REFERENCES `movies` (`id`)); nested exception is java.sql.SQLIntegrityConstraintViolationException: Cannot delete or update a parent row: a foreign key constraint fails (`movie_web`.`movie_actor`, CONSTRAINT `movie_actor_ibfk_1` FOREIGN KEY (`movie_id`) REFERENCES `movies` (`id`))','2025-05-25 19:58:31',5),(308,'电影表',3,'com.movie.data.controller.MoviesController.remove()','DELETE',1,'admin','管理部门','/movies/movies/5','127.0.0.1','内网IP','[5]',NULL,1,'\r\n### Error updating database.  Cause: java.sql.SQLIntegrityConstraintViolationException: Cannot delete or update a parent row: a foreign key constraint fails (`movie_web`.`movie_actor`, CONSTRAINT `movie_actor_ibfk_1` FOREIGN KEY (`movie_id`) REFERENCES `movies` (`id`))\r\n### The error may exist in file [C:\\Users\\ROG\\Desktop\\JavaFinal\\movie\\movie-data\\target\\classes\\mapper\\movies\\MoviesMapper.xml]\r\n### The error may involve com.movie.data.mapper.MoviesMapper.deleteMoviesByIds-Inline\r\n### The error occurred while setting parameters\r\n### SQL: delete from movies where id in           (               ?          )\r\n### Cause: java.sql.SQLIntegrityConstraintViolationException: Cannot delete or update a parent row: a foreign key constraint fails (`movie_web`.`movie_actor`, CONSTRAINT `movie_actor_ibfk_1` FOREIGN KEY (`movie_id`) REFERENCES `movies` (`id`))\n; Cannot delete or update a parent row: a foreign key constraint fails (`movie_web`.`movie_actor`, CONSTRAINT `movie_actor_ibfk_1` FOREIGN KEY (`movie_id`) REFERENCES `movies` (`id`)); nested exception is java.sql.SQLIntegrityConstraintViolationException: Cannot delete or update a parent row: a foreign key constraint fails (`movie_web`.`movie_actor`, CONSTRAINT `movie_actor_ibfk_1` FOREIGN KEY (`movie_id`) REFERENCES `movies` (`id`))','2025-05-25 19:59:29',69),(309,'电影表',3,'com.movie.data.controller.MoviesController.remove()','DELETE',1,'admin','管理部门','/movies/movies/5,6','127.0.0.1','内网IP','[5,6]',NULL,1,'\r\n### Error updating database.  Cause: java.sql.SQLIntegrityConstraintViolationException: Cannot delete or update a parent row: a foreign key constraint fails (`movie_web`.`movie_actor`, CONSTRAINT `movie_actor_ibfk_1` FOREIGN KEY (`movie_id`) REFERENCES `movies` (`id`))\r\n### The error may exist in file [C:\\Users\\ROG\\Desktop\\JavaFinal\\movie\\movie-data\\target\\classes\\mapper\\movies\\MoviesMapper.xml]\r\n### The error may involve com.movie.data.mapper.MoviesMapper.deleteMoviesByIds-Inline\r\n### The error occurred while setting parameters\r\n### SQL: delete from movies where id in           (               ?          ,              ?          )\r\n### Cause: java.sql.SQLIntegrityConstraintViolationException: Cannot delete or update a parent row: a foreign key constraint fails (`movie_web`.`movie_actor`, CONSTRAINT `movie_actor_ibfk_1` FOREIGN KEY (`movie_id`) REFERENCES `movies` (`id`))\n; Cannot delete or update a parent row: a foreign key constraint fails (`movie_web`.`movie_actor`, CONSTRAINT `movie_actor_ibfk_1` FOREIGN KEY (`movie_id`) REFERENCES `movies` (`id`)); nested exception is java.sql.SQLIntegrityConstraintViolationException: Cannot delete or update a parent row: a foreign key constraint fails (`movie_web`.`movie_actor`, CONSTRAINT `movie_actor_ibfk_1` FOREIGN KEY (`movie_id`) REFERENCES `movies` (`id`))','2025-05-25 20:00:01',84),(310,'电影表',3,'com.movie.data.controller.MoviesController.remove()','DELETE',1,'admin','管理部门','/movies/movies/6','127.0.0.1','内网IP','[6]',NULL,1,'\r\n### Error updating database.  Cause: java.sql.SQLIntegrityConstraintViolationException: Cannot delete or update a parent row: a foreign key constraint fails (`movie_web`.`movie_actor`, CONSTRAINT `movie_actor_ibfk_1` FOREIGN KEY (`movie_id`) REFERENCES `movies` (`id`))\r\n### The error may exist in file [C:\\Users\\ROG\\Desktop\\JavaFinal\\movie\\movie-data\\target\\classes\\mapper\\movies\\MoviesMapper.xml]\r\n### The error may involve com.movie.data.mapper.MoviesMapper.deleteMoviesByIds-Inline\r\n### The error occurred while setting parameters\r\n### SQL: delete from movies where id in           (               ?          )\r\n### Cause: java.sql.SQLIntegrityConstraintViolationException: Cannot delete or update a parent row: a foreign key constraint fails (`movie_web`.`movie_actor`, CONSTRAINT `movie_actor_ibfk_1` FOREIGN KEY (`movie_id`) REFERENCES `movies` (`id`))\n; Cannot delete or update a parent row: a foreign key constraint fails (`movie_web`.`movie_actor`, CONSTRAINT `movie_actor_ibfk_1` FOREIGN KEY (`movie_id`) REFERENCES `movies` (`id`)); nested exception is java.sql.SQLIntegrityConstraintViolationException: Cannot delete or update a parent row: a foreign key constraint fails (`movie_web`.`movie_actor`, CONSTRAINT `movie_actor_ibfk_1` FOREIGN KEY (`movie_id`) REFERENCES `movies` (`id`))','2025-05-25 20:00:12',4),(311,'电影表',3,'com.movie.data.controller.MoviesController.remove()','DELETE',1,'admin','管理部门','/movies/movies/11,10','127.0.0.1','内网IP','[11,10]','{\"msg\":\"操作成功\",\"code\":200}',0,NULL,'2025-05-25 20:01:37',28),(312,'电影表',3,'com.movie.data.controller.MoviesController.remove()','DELETE',1,'admin','管理部门','/movies/movies/9','127.0.0.1','内网IP','[9]','{\"msg\":\"操作成功\",\"code\":200}',0,NULL,'2025-05-25 20:01:59',11),(313,'电影表',1,'com.movie.data.controller.MoviesController.add()','POST',1,'admin','管理部门','/movies/movies','127.0.0.1','内网IP','{\"actors\":[1,2,3],\"directors\":[2],\"movies\":{\"areaId\":2,\"count\":423,\"genreId\":1,\"id\":12,\"monthcount\":423,\"name\":\"432\",\"params\":{},\"releaseDate\":2024,\"see\":0,\"weekcount\":423}}','{\"msg\":\"操作成功\",\"code\":200}',0,NULL,'2025-05-25 20:02:36',22),(314,'电影表',1,'com.movie.data.controller.MoviesController.add()','POST',1,'admin','管理部门','/movies/movies','127.0.0.1','内网IP','{\"actors\":[],\"directors\":[],\"movies\":{\"id\":13,\"name\":\"321\",\"params\":{}}}','{\"msg\":\"操作成功\",\"code\":200}',0,NULL,'2025-05-25 20:04:04',4),(315,'电影表',5,'com.movie.data.controller.MoviesController.export()','POST',1,'admin','管理部门','/movies/movies/export','127.0.0.1','内网IP','{\"pageSize\":\"10\",\"pageNum\":\"1\"}',NULL,0,NULL,'2025-05-25 20:09:00',10),(316,'电影表',5,'com.movie.data.controller.MoviesController.export()','POST',1,'admin','管理部门','/movies/movies/export','127.0.0.1','内网IP','{\"pageSize\":\"10\",\"pageNum\":\"1\"}',NULL,0,NULL,'2025-05-25 20:09:47',0),(317,'电影表',5,'com.movie.data.controller.MoviesController.export()','POST',1,'admin','管理部门','/movies/movies/export','127.0.0.1','内网IP','{\"pageSize\":\"10\",\"pageNum\":\"1\"}',NULL,0,NULL,'2025-05-25 20:11:13',6),(318,'演员',5,'com.movie.data.controller.ActorsController.export()','POST',1,'admin','管理部门','/actors/actors/export','127.0.0.1','内网IP','{\"pageSize\":\"10\",\"pageNum\":\"1\"}',NULL,0,NULL,'2025-05-25 20:12:17',704),(319,'演员',5,'com.movie.data.controller.ActorsController.export()','POST',1,'admin','管理部门','/actors/actors/export','127.0.0.1','内网IP','{\"pageSize\":\"10\",\"pageNum\":\"1\"}',NULL,0,NULL,'2025-05-25 20:12:49',35),(320,'电影表',5,'com.movie.data.controller.MoviesController.export()','POST',1,'admin','管理部门','/movies/movies/export','127.0.0.1','内网IP','{\"pageSize\":\"10\",\"pageNum\":\"1\"}',NULL,0,NULL,'2025-05-25 20:19:23',12),(321,'电影表',5,'com.movie.data.controller.MoviesController.export()','POST',1,'admin','管理部门','/movies/movies/export','127.0.0.1','内网IP','{\"pageSize\":\"10\",\"pageNum\":\"1\"}',NULL,0,NULL,'2025-05-25 20:21:29',738),(322,'电影表',5,'com.movie.data.controller.MoviesController.export()','POST',1,'admin','管理部门','/movies/movies/export','127.0.0.1','内网IP','{\"pageSize\":\"10\",\"pageNum\":\"1\"}',NULL,0,NULL,'2025-05-25 20:30:50',27),(323,'电影表',5,'com.movie.data.controller.MoviesController.export()','POST',1,'admin','管理部门','/movies/movies/export','127.0.0.1','内网IP','{\"pageSize\":\"10\",\"pageNum\":\"1\"}',NULL,0,NULL,'2025-05-25 20:39:38',821),(324,'电影表',5,'com.movie.data.controller.MoviesController.export()','POST',1,'admin','管理部门','/movies/movies/export','127.0.0.1','内网IP','{\"pageSize\":\"10\",\"pageNum\":\"1\"}',NULL,1,'For input string: \"否\"','2025-05-25 20:42:30',131),(325,'电影表',5,'com.movie.data.controller.MoviesController.export()','POST',1,'admin','管理部门','/movies/movies/export','127.0.0.1','内网IP','{\"pageSize\":\"10\",\"pageNum\":\"1\"}',NULL,1,'For input string: \"否\"','2025-05-25 20:42:37',13),(326,'电影表',5,'com.movie.data.controller.MoviesController.export()','POST',1,'admin','管理部门','/movies/movies/export','127.0.0.1','内网IP','{\"pageSize\":\"10\",\"pageNum\":\"1\"}',NULL,0,NULL,'2025-05-25 20:54:11',744),(327,'电影表',5,'com.movie.data.controller.MoviesController.export()','POST',1,'admin','管理部门','/movies/movies/export','127.0.0.1','内网IP','{\"pageSize\":\"10\",\"pageNum\":\"1\"}',NULL,0,NULL,'2025-05-25 20:57:01',713),(328,'电影表',5,'com.movie.data.controller.MoviesController.export()','POST',1,'admin','管理部门','/movies/movies/export','127.0.0.1','内网IP','{\"pageSize\":\"10\",\"pageNum\":\"1\"}',NULL,1,'class com.movie.data.domain.Areas cannot be cast to class java.lang.String (com.movie.data.domain.Areas is in unnamed module of loader org.springframework.boot.devtools.restart.classloader.RestartClassLoader @17d2143e; java.lang.String is in module java.base of loader \'bootstrap\')','2025-05-25 21:18:58',39),(329,'电影表',5,'com.movie.data.controller.MoviesController.export()','POST',1,'admin','管理部门','/movies/movies/export','127.0.0.1','内网IP','{\"pageSize\":\"10\",\"pageNum\":\"1\"}',NULL,1,'class com.movie.data.domain.Areas cannot be cast to class java.lang.String (com.movie.data.domain.Areas is in unnamed module of loader org.springframework.boot.devtools.restart.classloader.RestartClassLoader @17d2143e; java.lang.String is in module java.base of loader \'bootstrap\')','2025-05-25 21:19:03',15),(330,'电影表',5,'com.movie.data.controller.MoviesController.export()','POST',1,'admin','管理部门','/movies/movies/export','127.0.0.1','内网IP','{\"beginMonthCount\":\"12\",\"pageSize\":\"10\",\"pageNum\":\"1\"}',NULL,0,NULL,'2025-05-25 21:21:38',671),(331,'电影表',5,'com.movie.data.controller.MoviesController.export()','POST',1,'admin','管理部门','/movies/movies/export','127.0.0.1','内网IP','{\"pageSize\":\"10\",\"pageNum\":\"1\"}',NULL,0,NULL,'2025-05-25 21:33:22',708),(332,'电影表',1,'com.movie.data.controller.MoviesController.add()','POST',1,'admin','管理部门','/movies/movies','127.0.0.1','内网IP','{\"actors\":[],\"directors\":[],\"movies\":{\"id\":14,\"name\":\"321\",\"params\":{}}}','{\"msg\":\"操作成功\",\"code\":200}',0,NULL,'2025-05-25 22:41:23',17),(333,'电影表',2,'com.movie.data.controller.MoviesController.edit()','PUT',1,'admin','管理部门','/movies/movies','127.0.0.1','内网IP','{\"actors\":[],\"directors\":[],\"movies\":{\"count\":0,\"genreId\":2,\"id\":14,\"name\":\"321\",\"params\":{},\"scoreCount\":0,\"scoreTotal\":0,\"see\":0}}','{\"msg\":\"操作成功\",\"code\":200}',0,NULL,'2025-05-25 22:41:37',11),(334,'电影表',1,'com.movie.data.controller.MoviesController.add()','POST',1,'admin','管理部门','/movies/movies','127.0.0.1','内网IP','{\"actors\":[],\"directors\":[],\"movies\":{\"genreId\":1,\"id\":15,\"name\":\"555\",\"params\":{}}}','{\"msg\":\"操作成功\",\"code\":200}',0,NULL,'2025-05-25 22:41:48',8),(335,'电影表',2,'com.movie.data.controller.MoviesController.edit()','PUT',1,'admin','管理部门','/movies/movies','127.0.0.1','内网IP','{\"actors\":[1,2],\"directors\":[2],\"movies\":{\"areaId\":3,\"count\":53,\"genreId\":2,\"id\":6,\"name\":\"53\",\"params\":{},\"releaseDate\":2023,\"scoreCount\":0,\"scoreTotal\":0,\"see\":0,\"weekcount\":53}}','{\"msg\":\"操作成功\",\"code\":200}',0,NULL,'2025-05-25 22:53:40',132),(336,'电影表',2,'com.movie.data.controller.MoviesController.edit()','PUT',1,'admin','管理部门','/movies/movies','127.0.0.1','内网IP','{\"actors\":[1,3],\"directors\":[1],\"movies\":{\"areaId\":1,\"count\":32,\"coverurl\":\"321\",\"description\":\"321\",\"genreId\":2,\"id\":7,\"monthcount\":321,\"name\":\"哥哥\",\"params\":{},\"scoreCount\":321,\"scoreTotal\":312,\"see\":0,\"weekcount\":321}}','{\"msg\":\"操作成功\",\"code\":200}',0,NULL,'2025-05-25 22:53:51',15),(337,'电影表',2,'com.movie.data.controller.MoviesController.edit()','PUT',1,'admin','管理部门','/movies/movies','127.0.0.1','内网IP','{\"actors\":[1,2,3],\"directors\":[1,2,3],\"movies\":{\"areaId\":1,\"count\":312,\"coverurl\":\"2\",\"description\":\"42哇哇哇哇哇哇哇哇哇哇哇哇哇哇哇哇哇哇哇哇哇哇哇哇哇哇哇哇哇哇哇哇哇哇哇哇哇哇\",\"genreId\":3,\"id\":5,\"monthcount\":312,\"name\":\"312\",\"params\":{},\"releaseDate\":2025,\"scoreCount\":1,\"scoreTotal\":1,\"see\":0,\"weekcount\":312312}}','{\"msg\":\"操作成功\",\"code\":200}',0,NULL,'2025-05-25 22:53:57',14),(338,'电影表',2,'com.movie.data.controller.MoviesController.edit()','PUT',1,'admin','管理部门','/movies/movies','127.0.0.1','内网IP','{\"actors\":[1,2,3],\"directors\":[1,2,3],\"movies\":{\"areaId\":1,\"count\":312,\"coverurl\":\"2\",\"description\":\"42哇哇哇哇哇哇哇哇哇哇哇哇哇哇哇哇哇哇哇哇哇哇哇哇哇哇哇哇哇哇哇哇哇哇哇哇哇哇\",\"genreId\":1,\"id\":5,\"monthcount\":312,\"name\":\"312\",\"params\":{},\"releaseDate\":2025,\"scoreCount\":1,\"scoreTotal\":1,\"see\":0,\"weekcount\":312312}}','{\"msg\":\"操作成功\",\"code\":200}',0,NULL,'2025-05-25 22:54:07',21),(339,'电影表',1,'com.movie.data.controller.MoviesController.add()','POST',1,'admin','管理部门','/movies/movies','127.0.0.1','内网IP','{\"actors\":[],\"directors\":[],\"movies\":{\"id\":16,\"name\":\"321\",\"params\":{}}}','{\"msg\":\"操作成功\",\"code\":200}',0,NULL,'2025-05-25 22:54:25',8),(340,'电影表',2,'com.movie.data.controller.MoviesController.edit()','PUT',1,'admin','管理部门','/movies/movies','127.0.0.1','内网IP','{\"actors\":[],\"directors\":[],\"movies\":{\"count\":0,\"genreId\":4,\"id\":16,\"name\":\"321\",\"params\":{},\"scoreCount\":0,\"scoreTotal\":0,\"see\":0}}','{\"msg\":\"操作成功\",\"code\":200}',0,NULL,'2025-05-25 22:54:36',12),(341,'电影表',2,'com.movie.data.controller.MoviesController.edit()','PUT',1,'admin','管理部门','/movies/movies','127.0.0.1','内网IP','{\"actors\":[],\"directors\":[],\"movies\":{\"count\":0,\"genreId\":3,\"id\":16,\"name\":\"321\",\"params\":{},\"scoreCount\":0,\"scoreTotal\":0,\"see\":0}}','{\"msg\":\"操作成功\",\"code\":200}',0,NULL,'2025-05-25 22:54:48',14),(342,'电影表',2,'com.movie.data.controller.MoviesController.edit()','PUT',1,'admin','管理部门','/movies/movies','127.0.0.1','内网IP','{\"actors\":[1,2,3],\"directors\":[1,2,3],\"movies\":{\"areaId\":2,\"count\":312,\"coverurl\":\"2\",\"description\":\"42哇哇哇哇哇哇哇哇哇哇哇哇哇哇哇哇哇哇哇哇哇哇哇哇哇哇哇哇哇哇哇哇哇哇哇哇哇哇\",\"genreId\":1,\"id\":5,\"monthcount\":312,\"name\":\"312\",\"params\":{},\"releaseDate\":2025,\"scoreCount\":1,\"scoreTotal\":1,\"see\":0,\"weekcount\":312312}}',NULL,1,'nested exception is org.apache.ibatis.binding.BindingException: Parameter \'novienum\' not found. Available parameters are [id, param1, nums, param2]','2025-05-25 23:10:05',21),(343,'电影表',2,'com.movie.data.controller.MoviesController.edit()','PUT',1,'admin','管理部门','/movies/movies','127.0.0.1','内网IP','{\"actors\":[1,2,3],\"directors\":[1,2,3],\"movies\":{\"areaId\":2,\"count\":312,\"coverurl\":\"2\",\"description\":\"42哇哇哇哇哇哇哇哇哇哇哇哇哇哇哇哇哇哇哇哇哇哇哇哇哇哇哇哇哇哇哇哇哇哇哇哇哇哇\",\"genreId\":1,\"id\":5,\"monthcount\":312,\"name\":\"312\",\"params\":{},\"releaseDate\":2025,\"scoreCount\":1,\"scoreTotal\":1,\"see\":0,\"weekcount\":312312}}',NULL,1,'nested exception is org.apache.ibatis.binding.BindingException: Parameter \'novienum\' not found. Available parameters are [id, param1, nums, param2]','2025-05-25 23:10:09',4),(344,'电影表',2,'com.movie.data.controller.MoviesController.edit()','PUT',1,'admin','管理部门','/movies/movies','127.0.0.1','内网IP','{\"actors\":[1,2,3],\"directors\":[1,2,3],\"movies\":{\"areaId\":3,\"count\":312,\"coverurl\":\"2\",\"description\":\"42哇哇哇哇哇哇哇哇哇哇哇哇哇哇哇哇哇哇哇哇哇哇哇哇哇哇哇哇哇哇哇哇哇哇哇哇哇哇\",\"genreId\":1,\"id\":5,\"monthcount\":312,\"name\":\"312\",\"params\":{},\"releaseDate\":2025,\"scoreCount\":1,\"scoreTotal\":1,\"see\":0,\"weekcount\":312312}}',NULL,1,'nested exception is org.apache.ibatis.binding.BindingException: Parameter \'novienum\' not found. Available parameters are [id, param1, nums, param2]','2025-05-25 23:11:21',4),(345,'电影表',2,'com.movie.data.controller.MoviesController.edit()','PUT',1,'admin','管理部门','/movies/movies','127.0.0.1','内网IP','{\"actors\":[1,2,3],\"directors\":[1,2,3],\"movies\":{\"areaId\":4,\"count\":312,\"coverurl\":\"2\",\"description\":\"42哇哇哇哇哇哇哇哇哇哇哇哇哇哇哇哇哇哇哇哇哇哇哇哇哇哇哇哇哇哇哇哇哇哇哇哇哇哇\",\"genreId\":1,\"id\":5,\"monthcount\":312,\"name\":\"312\",\"params\":{},\"releaseDate\":2025,\"scoreCount\":1,\"scoreTotal\":1,\"see\":0,\"weekcount\":312312}}','{\"msg\":\"操作成功\",\"code\":200}',0,NULL,'2025-05-25 23:12:24',132),(346,'电影表',1,'com.movie.data.controller.MoviesController.add()','POST',1,'admin','管理部门','/movies/movies','127.0.0.1','内网IP','{\"actors\":[],\"directors\":[],\"movies\":{\"areaId\":2,\"id\":17,\"name\":\"g\",\"params\":{}}}','{\"msg\":\"操作成功\",\"code\":200}',0,NULL,'2025-05-25 23:12:45',8),(347,'电影表',2,'com.movie.data.controller.MoviesController.edit()','PUT',1,'admin','管理部门','/movies/movies','127.0.0.1','内网IP','{\"actors\":[],\"directors\":[],\"movies\":{\"areaId\":1,\"count\":0,\"id\":17,\"name\":\"g\",\"params\":{},\"scoreCount\":0,\"scoreTotal\":0,\"see\":0}}','{\"msg\":\"操作成功\",\"code\":200}',0,NULL,'2025-05-25 23:12:57',15),(348,'电影表',1,'com.movie.data.controller.MoviesController.add()','POST',1,'admin','管理部门','/movies/movies','127.0.0.1','内网IP','{\"actors\":[1],\"directors\":[1],\"movies\":{\"areaId\":2,\"genreId\":1,\"id\":18,\"name\":\"77\",\"params\":{},\"releaseDate\":2025}}','{\"msg\":\"操作成功\",\"code\":200}',0,NULL,'2025-05-25 23:13:15',18),(349,'电影表',3,'com.movie.data.controller.MoviesController.remove()','DELETE',1,'admin','管理部门','/movies/movies/18','127.0.0.1','内网IP','[18]','{\"msg\":\"操作成功\",\"code\":200}',0,NULL,'2025-05-25 23:14:28',20),(350,'电影表',1,'com.movie.data.controller.MoviesController.add()','POST',1,'admin','管理部门','/movies/movies','127.0.0.1','内网IP','{\"actors\":[1,2],\"directors\":[3],\"movies\":{\"areaId\":2,\"genreId\":1,\"id\":19,\"name\":\"换页\",\"params\":{},\"releaseDate\":2024}}','{\"msg\":\"操作成功\",\"code\":200}',0,NULL,'2025-05-25 23:15:27',14),(351,'电影表',5,'com.movie.data.controller.MoviesController.export()','POST',1,'admin','管理部门','/movies/movies/export','127.0.0.1','内网IP','{\"pageSize\":\"10\",\"pageNum\":\"1\"}',NULL,0,NULL,'2025-05-26 15:58:16',576),(352,'电影表',5,'com.movie.data.controller.MoviesController.export()','POST',1,'admin','管理部门','/movies/movies/export','127.0.0.1','内网IP','{\"pageSize\":\"10\",\"pageNum\":\"1\"}',NULL,0,NULL,'2025-05-26 16:01:36',684),(353,'用户表',1,'com.movie.data.controller.UsersController.add()','POST',1,'admin','管理部门','/users/users','127.0.0.1','内网IP','{\"id\":1,\"params\":{},\"userType\":0,\"username\":\"1\"}','{\"msg\":\"操作成功\",\"code\":200}',0,NULL,'2025-05-26 16:02:15',12),(354,'用户表',1,'com.movie.data.controller.UsersController.add()','POST',1,'admin','管理部门','/users/users','127.0.0.1','内网IP','{\"id\":2,\"params\":{},\"userType\":0,\"username\":\"2\"}','{\"msg\":\"操作成功\",\"code\":200}',0,NULL,'2025-05-26 16:02:18',5),(355,'用户表',1,'com.movie.data.controller.UsersController.add()','POST',1,'admin','管理部门','/users/users','127.0.0.1','内网IP','{\"id\":3,\"params\":{},\"userType\":0,\"username\":\"3\"}','{\"msg\":\"操作成功\",\"code\":200}',0,NULL,'2025-05-26 16:02:22',5),(356,'用户表',1,'com.movie.data.controller.UsersController.add()','POST',1,'admin','管理部门','/users/users','127.0.0.1','内网IP','{\"id\":4,\"params\":{},\"userType\":1,\"username\":\"4\"}','{\"msg\":\"操作成功\",\"code\":200}',0,NULL,'2025-05-26 16:02:26',4),(357,'用户表',1,'com.movie.data.controller.UsersController.add()','POST',1,'admin','管理部门','/users/users','127.0.0.1','内网IP','{\"id\":5,\"params\":{},\"userType\":1,\"username\":\"5\"}','{\"msg\":\"操作成功\",\"code\":200}',0,NULL,'2025-05-26 16:02:29',4),(358,'用户表',1,'com.movie.data.controller.UsersController.add()','POST',1,'admin','管理部门','/users/users','127.0.0.1','内网IP','{\"id\":6,\"params\":{},\"userType\":1,\"username\":\"6\"}','{\"msg\":\"操作成功\",\"code\":200}',0,NULL,'2025-05-26 16:02:33',5),(359,'用户表',1,'com.movie.data.controller.UsersController.add()','POST',1,'admin','管理部门','/users/users','127.0.0.1','内网IP','{\"id\":7,\"params\":{},\"userType\":0,\"username\":\"7\"}','{\"msg\":\"操作成功\",\"code\":200}',0,NULL,'2025-05-26 16:02:36',5),(360,'用户表',1,'com.movie.data.controller.UsersController.add()','POST',1,'admin','管理部门','/users/users','127.0.0.1','内网IP','{\"id\":8,\"params\":{},\"userType\":1,\"username\":\"8\"}','{\"msg\":\"操作成功\",\"code\":200}',0,NULL,'2025-05-26 16:02:40',4),(361,'用户表',1,'com.movie.data.controller.UsersController.add()','POST',1,'admin','管理部门','/users/users','127.0.0.1','内网IP','{\"id\":9,\"params\":{},\"userType\":1,\"username\":\"9\"}','{\"msg\":\"操作成功\",\"code\":200}',0,NULL,'2025-05-26 16:02:44',3),(362,'用户表',1,'com.movie.data.controller.UsersController.add()','POST',1,'admin','管理部门','/users/users','127.0.0.1','内网IP','{\"id\":10,\"params\":{},\"userType\":0,\"username\":\"10\"}','{\"msg\":\"操作成功\",\"code\":200}',0,NULL,'2025-05-26 16:02:50',3),(363,'用户表',1,'com.movie.data.controller.UsersController.add()','POST',1,'admin','管理部门','/users/users','127.0.0.1','内网IP','{\"id\":11,\"params\":{},\"userType\":0,\"username\":\"c\"}','{\"msg\":\"操作成功\",\"code\":200}',0,NULL,'2025-05-26 16:02:59',4),(364,'用户表',5,'com.movie.data.controller.UsersController.export()','POST',1,'admin','管理部门','/users/users/export','127.0.0.1','内网IP','{\"pageSize\":\"10\",\"pageNum\":\"1\"}',NULL,0,NULL,'2025-05-26 16:03:04',38),(365,'电影表',5,'com.movie.data.controller.MoviesController.export()','POST',1,'admin','管理部门','/movies/movies/export','127.0.0.1','内网IP','{\"pageSize\":\"10\",\"pageNum\":\"1\"}',NULL,0,NULL,'2025-05-26 16:04:43',701),(366,'菜单管理',2,'com.movie.web.controller.system.SysMenuController.edit()','PUT',1,'admin','管理部门','/system/menu','127.0.0.1','内网IP','{\"children\":[],\"component\":\"movies/movies/index\",\"createTime\":\"2025-05-24 16:45:23\",\"icon\":\"movie\",\"isCache\":\"0\",\"isFrame\":\"1\",\"menuId\":2044,\"menuName\":\"电影表\",\"menuType\":\"C\",\"orderNum\":2,\"params\":{},\"parentId\":2006,\"path\":\"movies\",\"perms\":\"movies:movies:list\",\"routeName\":\"\",\"status\":\"0\",\"updateBy\":\"admin\",\"visible\":\"0\"}','{\"msg\":\"操作成功\",\"code\":200}',0,NULL,'2025-05-26 16:10:52',15),(367,'菜单管理',2,'com.movie.web.controller.system.SysMenuController.edit()','PUT',1,'admin','管理部门','/system/menu','127.0.0.1','内网IP','{\"children\":[],\"component\":\"directors/directors/index\",\"createTime\":\"2025-05-24 14:30:21\",\"icon\":\"director\",\"isCache\":\"0\",\"isFrame\":\"1\",\"menuId\":2008,\"menuName\":\"导演表\",\"menuType\":\"C\",\"orderNum\":3,\"params\":{},\"parentId\":2006,\"path\":\"directors\",\"perms\":\"directors:directors:list\",\"routeName\":\"\",\"status\":\"0\",\"updateBy\":\"admin\",\"visible\":\"0\"}','{\"msg\":\"操作成功\",\"code\":200}',0,NULL,'2025-05-26 16:11:02',7),(368,'菜单管理',2,'com.movie.web.controller.system.SysMenuController.edit()','PUT',1,'admin','管理部门','/system/menu','127.0.0.1','内网IP','{\"children\":[],\"component\":\"actors/actors/index\",\"createTime\":\"2025-05-24 00:30:46\",\"icon\":\"actor\",\"isCache\":\"0\",\"isFrame\":\"1\",\"menuId\":2007,\"menuName\":\"演员表\",\"menuType\":\"C\",\"orderNum\":4,\"params\":{},\"parentId\":2006,\"path\":\"actors\",\"perms\":\"actors:actors:list\",\"routeName\":\"\",\"status\":\"0\",\"updateBy\":\"admin\",\"visible\":\"0\"}','{\"msg\":\"操作成功\",\"code\":200}',0,NULL,'2025-05-26 16:11:07',7),(369,'菜单管理',2,'com.movie.web.controller.system.SysMenuController.edit()','PUT',1,'admin','管理部门','/system/menu','127.0.0.1','内网IP','{\"children\":[],\"component\":\"genres/genres/index\",\"createTime\":\"2025-05-24 15:10:46\",\"icon\":\"type\",\"isCache\":\"0\",\"isFrame\":\"1\",\"menuId\":2032,\"menuName\":\"类别表\",\"menuType\":\"C\",\"orderNum\":5,\"params\":{},\"parentId\":2006,\"path\":\"genres\",\"perms\":\"genres:genres:list\",\"routeName\":\"\",\"status\":\"0\",\"updateBy\":\"admin\",\"visible\":\"0\"}','{\"msg\":\"操作成功\",\"code\":200}',0,NULL,'2025-05-26 16:11:13',6),(370,'菜单管理',2,'com.movie.web.controller.system.SysMenuController.edit()','PUT',1,'admin','管理部门','/system/menu','127.0.0.1','内网IP','{\"children\":[],\"component\":\"areas/areas/index\",\"createTime\":\"2025-05-24 14:51:19\",\"icon\":\"area\",\"isCache\":\"0\",\"isFrame\":\"1\",\"menuId\":2026,\"menuName\":\"地区表\",\"menuType\":\"C\",\"orderNum\":6,\"params\":{},\"parentId\":2006,\"path\":\"areas\",\"perms\":\"areas:areas:list\",\"routeName\":\"\",\"status\":\"0\",\"updateBy\":\"admin\",\"visible\":\"0\"}','{\"msg\":\"操作成功\",\"code\":200}',0,NULL,'2025-05-26 16:11:17',6),(371,'菜单管理',2,'com.movie.web.controller.system.SysMenuController.edit()','PUT',1,'admin','管理部门','/system/menu','127.0.0.1','内网IP','{\"children\":[],\"component\":\"actors/actors/index\",\"createTime\":\"2025-05-24 00:30:46\",\"icon\":\"actor\",\"isCache\":\"0\",\"isFrame\":\"1\",\"menuId\":2007,\"menuName\":\"主演表\",\"menuType\":\"C\",\"orderNum\":4,\"params\":{},\"parentId\":2006,\"path\":\"actors\",\"perms\":\"actors:actors:list\",\"routeName\":\"\",\"status\":\"0\",\"updateBy\":\"admin\",\"visible\":\"0\"}','{\"msg\":\"操作成功\",\"code\":200}',0,NULL,'2025-05-26 16:22:27',8),(372,'菜单管理',3,'com.movie.web.controller.system.SysMenuController.remove()','DELETE',1,'admin','管理部门','/system/menu/109','127.0.0.1','内网IP','109','{\"msg\":\"存在子菜单,不允许删除\",\"code\":601}',0,NULL,'2025-05-26 16:23:04',5),(373,'菜单管理',3,'com.movie.web.controller.system.SysMenuController.remove()','DELETE',1,'admin','管理部门','/system/menu/1048','127.0.0.1','内网IP','1048','{\"msg\":\"操作成功\",\"code\":200}',0,NULL,'2025-05-26 16:23:10',28),(374,'菜单管理',3,'com.movie.web.controller.system.SysMenuController.remove()','DELETE',1,'admin','管理部门','/system/menu/1047','127.0.0.1','内网IP','1047','{\"msg\":\"操作成功\",\"code\":200}',0,NULL,'2025-05-26 16:23:12',8),(375,'菜单管理',3,'com.movie.web.controller.system.SysMenuController.remove()','DELETE',1,'admin','管理部门','/system/menu/1046','127.0.0.1','内网IP','1046','{\"msg\":\"操作成功\",\"code\":200}',0,NULL,'2025-05-26 16:23:23',14),(376,'菜单管理',3,'com.movie.web.controller.system.SysMenuController.remove()','DELETE',1,'admin','管理部门','/system/menu/109','127.0.0.1','内网IP','109','{\"msg\":\"操作成功\",\"code\":200}',0,NULL,'2025-05-26 16:23:26',9),(377,'菜单管理',3,'com.movie.web.controller.system.SysMenuController.remove()','DELETE',1,'admin','管理部门','/system/menu/1035','127.0.0.1','内网IP','1035','{\"msg\":\"操作成功\",\"code\":200}',0,NULL,'2025-05-26 16:24:03',11),(378,'菜单管理',3,'com.movie.web.controller.system.SysMenuController.remove()','DELETE',1,'admin','管理部门','/system/menu/1036','127.0.0.1','内网IP','1036','{\"msg\":\"操作成功\",\"code\":200}',0,NULL,'2025-05-26 16:24:06',7),(379,'菜单管理',3,'com.movie.web.controller.system.SysMenuController.remove()','DELETE',1,'admin','管理部门','/system/menu/1037','127.0.0.1','内网IP','1037','{\"msg\":\"操作成功\",\"code\":200}',0,NULL,'2025-05-26 16:24:08',11),(380,'菜单管理',3,'com.movie.web.controller.system.SysMenuController.remove()','DELETE',1,'admin','管理部门','/system/menu/1038','127.0.0.1','内网IP','1038','{\"msg\":\"操作成功\",\"code\":200}',0,NULL,'2025-05-26 16:24:11',12),(381,'菜单管理',3,'com.movie.web.controller.system.SysMenuController.remove()','DELETE',1,'admin','管理部门','/system/menu/108','127.0.0.1','内网IP','108','{\"msg\":\"存在子菜单,不允许删除\",\"code\":601}',0,NULL,'2025-05-26 16:24:14',4),(382,'菜单管理',3,'com.movie.web.controller.system.SysMenuController.remove()','DELETE',1,'admin','管理部门','/system/menu/107','127.0.0.1','内网IP','107','{\"msg\":\"操作成功\",\"code\":200}',0,NULL,'2025-05-26 16:24:19',6),(383,'菜单管理',3,'com.movie.web.controller.system.SysMenuController.remove()','DELETE',1,'admin','管理部门','/system/menu/111','127.0.0.1','内网IP','111','{\"msg\":\"操作成功\",\"code\":200}',0,NULL,'2025-05-26 16:27:19',12),(384,'菜单管理',3,'com.movie.web.controller.system.SysMenuController.remove()','DELETE',1,'admin','管理部门','/system/menu/113','127.0.0.1','内网IP','113','{\"msg\":\"操作成功\",\"code\":200}',0,NULL,'2025-05-26 16:27:28',10),(385,'电影表',5,'com.movie.data.controller.MoviesController.export()','POST',1,'admin','管理部门','/movies/movies/export','127.0.0.1','内网IP','{\"pageSize\":\"10\",\"pageNum\":\"1\"}',NULL,0,NULL,'2025-05-26 16:30:36',86),(386,'导演',1,'com.movie.data.controller.DirectorsController.add()','POST',1,'admin','管理部门','/directors/directors','127.0.0.1','内网IP','{\"id\":4,\"name\":\"Tom\",\"params\":{}}','{\"msg\":\"操作成功\",\"code\":200}',0,NULL,'2025-05-26 16:34:14',17),(387,'定时任务',1,'com.movie.quartz.controller.SysJobController.add()','POST',1,'admin','管理部门','/monitor/job','127.0.0.1','内网IP','{\"concurrent\":\"1\",\"cronExpression\":\"* * * ? * 1\",\"invokeTarget\":\"MovieTask.resetWeekCount\",\"jobGroup\":\"DEFAULT\",\"jobName\":\"周观看数清零\",\"misfirePolicy\":\"3\",\"nextValidTime\":\"2025-06-01 00:00:00\",\"params\":{},\"status\":\"0\"}',NULL,1,'No bean named \'MovieTask\' available','2025-05-26 16:51:05',8),(388,'定时任务',1,'com.movie.quartz.controller.SysJobController.add()','POST',1,'admin','管理部门','/monitor/job','127.0.0.1','内网IP','{\"concurrent\":\"1\",\"cronExpression\":\"* * * ? * 1\",\"invokeTarget\":\"MovieTask.resetWeekCount\",\"jobGroup\":\"DEFAULT\",\"jobName\":\"周观看数清零\",\"misfirePolicy\":\"1\",\"nextValidTime\":\"2025-06-01 00:00:00\",\"params\":{},\"status\":\"0\"}',NULL,1,'No bean named \'MovieTask\' available','2025-05-26 16:51:39',1),(389,'定时任务',1,'com.movie.quartz.controller.SysJobController.add()','POST',1,'admin','管理部门','/monitor/job','127.0.0.1','内网IP','{\"concurrent\":\"1\",\"createBy\":\"admin\",\"cronExpression\":\"* * * ? * 1\",\"invokeTarget\":\"movieTask.resetWeekCount\",\"jobGroup\":\"DEFAULT\",\"jobId\":100,\"jobName\":\"周观看数清零\",\"misfirePolicy\":\"1\",\"nextValidTime\":\"2025-06-01 00:00:00\",\"params\":{},\"status\":\"1\"}','{\"msg\":\"操作成功\",\"code\":200}',0,NULL,'2025-05-26 16:52:05',20),(390,'定时任务',2,'com.movie.quartz.controller.SysJobController.edit()','PUT',1,'admin','管理部门','/monitor/job','127.0.0.1','内网IP','{\"concurrent\":\"1\",\"createBy\":\"admin\",\"createTime\":\"2025-05-26 16:52:05\",\"cronExpression\":\"0 0 0 ? * SUN\",\"invokeTarget\":\"movieTask.resetWeekCount\",\"jobGroup\":\"DEFAULT\",\"jobId\":100,\"jobName\":\"周观看数清零\",\"misfirePolicy\":\"1\",\"nextValidTime\":\"2025-06-01 00:00:00\",\"params\":{},\"remark\":\"\",\"status\":\"1\",\"updateBy\":\"admin\"}','{\"msg\":\"操作成功\",\"code\":200}',0,NULL,'2025-05-26 16:52:53',12),(391,'定时任务',2,'com.movie.quartz.controller.SysJobController.edit()','PUT',1,'admin','管理部门','/monitor/job','127.0.0.1','内网IP','{\"concurrent\":\"1\",\"createBy\":\"admin\",\"createTime\":\"2025-05-26 16:52:05\",\"cronExpression\":\"0 0 0 ? * 1\",\"invokeTarget\":\"movieTask.resetWeekCount\",\"jobGroup\":\"DEFAULT\",\"jobId\":100,\"jobName\":\"周观看数清零\",\"misfirePolicy\":\"1\",\"nextValidTime\":\"2025-06-01 00:00:00\",\"params\":{},\"remark\":\"\",\"status\":\"1\",\"updateBy\":\"admin\"}','{\"msg\":\"操作成功\",\"code\":200}',0,NULL,'2025-05-26 16:53:43',8),(392,'定时任务',1,'com.movie.quartz.controller.SysJobController.add()','POST',1,'admin','管理部门','/monitor/job','127.0.0.1','内网IP','{\"concurrent\":\"1\",\"createBy\":\"admin\",\"cronExpression\":\"0 0 0 1 * ?\",\"invokeTarget\":\"movieTask.resetMonthCount\",\"jobGroup\":\"DEFAULT\",\"jobId\":101,\"jobName\":\"月观看数清零\",\"misfirePolicy\":\"1\",\"nextValidTime\":\"2025-06-01 00:00:00\",\"params\":{},\"status\":\"1\"}','{\"msg\":\"操作成功\",\"code\":200}',0,NULL,'2025-05-26 16:54:58',6),(393,'电影表',5,'com.movie.data.controller.MoviesController.export()','POST',1,'admin','管理部门','/movies/movies/export','127.0.0.1','内网IP','{\"exportType\":\"2\",\"pageSize\":\"10\",\"pageNum\":\"1\"}',NULL,0,NULL,'2025-05-26 20:49:18',816),(394,'电影表',5,'com.movie.data.controller.MoviesController.export()','POST',1,'admin','管理部门','/movies/movies/export','127.0.0.1','内网IP','{\"exportType\":\"1\",\"pageSize\":\"10\",\"pageNum\":\"1\"}',NULL,0,NULL,'2025-05-26 20:56:01',832),(395,'电影表',5,'com.movie.data.controller.MoviesController.export()','POST',1,'admin','管理部门','/movies/movies/export','127.0.0.1','内网IP','{\"exportType\":\"0\",\"pageSize\":\"10\",\"pageNum\":\"1\"}',NULL,0,NULL,'2025-05-26 20:56:15',61),(396,'电影表',5,'com.movie.data.controller.MoviesController.export()','POST',1,'admin','管理部门','/movies/movies/export','127.0.0.1','内网IP','{\"exportType\":\"2\",\"pageSize\":\"10\",\"pageNum\":\"1\"}',NULL,1,'Cannot invoke \"java.lang.Long.longValue()\" because the return value of \"com.movie.data.domain.MovieShow.getMonthcount()\" is null','2025-05-26 20:56:31',16),(397,'电影表',1,'com.movie.data.controller.MoviesController.add()','POST',1,'admin','管理部门','/movies/movies','127.0.0.1','内网IP','{\"actors\":[],\"directors\":[],\"movies\":{\"name\":\"312\",\"params\":{}}}',NULL,1,'\r\n### Error updating database.  Cause: java.sql.SQLSyntaxErrorException: You have an error in your SQL syntax; check the manual that corresponds to your MySQL server version for the right syntax to use near \'0,\n                \n            \n                    0,\n                \n       \' at line 7\r\n### The error may exist in file [C:\\Users\\ROG\\Desktop\\JavaFinal\\movie\\movie-data\\target\\classes\\mapper\\movies\\MoviesMapper.xml]\r\n### The error may involve com.movie.data.mapper.MoviesMapper.insertMovies-Inline\r\n### The error occurred while setting parameters\r\n### SQL: insert into movies          ( name,                                                                         0,                                                   0,                                                   0 )           values ( ? )\r\n### Cause: java.sql.SQLSyntaxErrorException: You have an error in your SQL syntax; check the manual that corresponds to your MySQL server version for the right syntax to use near \'0,\n                \n            \n                    0,\n                \n       \' at line 7\n; bad SQL grammar []; nested exception is java.sql.SQLSyntaxErrorException: You have an error in your SQL syntax; check the manual that corresponds to your MySQL server version for the right syntax to use near \'0,\n                \n            \n                    0,\n                \n       \' at line 7','2025-05-26 20:59:21',147),(398,'电影表',1,'com.movie.data.controller.MoviesController.add()','POST',1,'admin','管理部门','/movies/movies','127.0.0.1','内网IP','{\"actors\":[],\"directors\":[],\"movies\":{\"id\":20,\"name\":\"312\",\"params\":{}}}','{\"msg\":\"操作成功\",\"code\":200}',0,NULL,'2025-05-26 21:03:47',101),(399,'电影表',5,'com.movie.data.controller.MoviesController.export()','POST',1,'admin','管理部门','/movies/movies/export','127.0.0.1','内网IP','{\"exportType\":\"2\",\"pageSize\":\"10\",\"pageNum\":\"1\"}',NULL,1,'Cannot invoke \"java.lang.Long.longValue()\" because the return value of \"com.movie.data.domain.MovieShow.getMonthcount()\" is null','2025-05-26 21:04:17',12),(400,'电影表',5,'com.movie.data.controller.MoviesController.export()','POST',1,'admin','管理部门','/movies/movies/export','127.0.0.1','内网IP','{\"exportType\":\"2\",\"pageSize\":\"10\",\"pageNum\":\"1\"}',NULL,1,'Cannot invoke \"java.lang.Long.longValue()\" because the return value of \"com.movie.data.domain.MovieShow.getMonthcount()\" is null','2025-05-26 21:04:26',9),(401,'电影表',5,'com.movie.data.controller.MoviesController.export()','POST',1,'admin','管理部门','/movies/movies/export','127.0.0.1','内网IP','{\"exportType\":\"3\",\"pageSize\":\"10\",\"pageNum\":\"1\"}',NULL,0,NULL,'2025-05-26 21:04:33',614),(402,'电影表',5,'com.movie.data.controller.MoviesController.export()','POST',1,'admin','管理部门','/movies/movies/export','127.0.0.1','内网IP','{\"exportType\":\"2\",\"pageSize\":\"10\",\"pageNum\":\"1\"}',NULL,0,NULL,'2025-05-26 21:05:04',57),(403,'电影表',5,'com.movie.data.controller.MoviesController.export()','POST',1,'admin','管理部门','/movies/movies/export','127.0.0.1','内网IP','{\"exportType\":\"4\",\"pageSize\":\"10\",\"pageNum\":\"1\"}',NULL,0,NULL,'2025-05-26 21:07:35',663),(404,'演员',3,'com.movie.data.controller.ActorsController.remove()','DELETE',1,'admin','管理部门','/actors/actors/1','127.0.0.1','内网IP','[1]','{\"msg\":\"操作成功\",\"code\":200}',0,NULL,'2025-05-27 23:31:02',36),(405,'导演',3,'com.movie.data.controller.DirectorsController.remove()','DELETE',1,'admin','管理部门','/directors/directors/1','127.0.0.1','内网IP','[1]','{\"msg\":\"操作成功\",\"code\":200}',0,NULL,'2025-05-27 23:33:49',15),(406,'导演',1,'com.movie.data.controller.DirectorsController.add()','POST',1,'admin','管理部门','/directors/directors','127.0.0.1','内网IP','{\"id\":5,\"name\":\"shiyan\",\"params\":{}}','{\"msg\":\"操作成功\",\"code\":200}',0,NULL,'2025-05-27 23:34:41',9),(407,'电影表',2,'com.movie.data.controller.MoviesController.edit()','PUT',1,'admin','管理部门','/movies/movies','127.0.0.1','内网IP','{\"actors\":[2,3],\"directors\":[2,3,5],\"movies\":{\"areaId\":4,\"count\":312,\"coverurl\":\"2\",\"description\":\"42哇哇哇哇哇哇哇哇哇哇哇哇哇哇哇哇哇哇哇哇哇哇哇哇哇哇哇哇哇哇哇哇哇哇哇哇哇哇\",\"genreId\":1,\"id\":5,\"monthcount\":312,\"name\":\"312\",\"params\":{},\"releaseDate\":2025,\"scoreCount\":1,\"scoreTotal\":1,\"see\":0,\"weekcount\":312312}}','{\"msg\":\"操作成功\",\"code\":200}',0,NULL,'2025-05-27 23:35:14',34),(408,'电影表',2,'com.movie.data.controller.MoviesController.edit()','PUT',1,'admin','管理部门','/movies/movies','127.0.0.1','内网IP','{\"actors\":[2,3],\"directors\":[2,3],\"movies\":{\"areaId\":4,\"count\":312,\"coverurl\":\"2\",\"description\":\"42哇哇哇哇哇哇哇哇哇哇哇哇哇哇哇哇哇哇哇哇哇哇哇哇哇哇哇哇哇哇哇哇哇哇哇哇哇哇\",\"genreId\":1,\"id\":5,\"monthcount\":312,\"name\":\"312\",\"params\":{},\"releaseDate\":2025,\"scoreCount\":1,\"scoreTotal\":1,\"see\":0,\"weekcount\":312312}}','{\"msg\":\"操作成功\",\"code\":200}',0,NULL,'2025-05-27 23:35:22',16),(409,'电影表',2,'com.movie.data.controller.MoviesController.edit()','PUT',1,'admin','管理部门','/movies/movies','127.0.0.1','内网IP','{\"actors\":[],\"directors\":[5],\"movies\":{\"count\":0,\"id\":13,\"monthcount\":1,\"name\":\"321\",\"params\":{},\"scoreCount\":0,\"scoreTotal\":0,\"see\":0,\"weekcount\":1}}','{\"msg\":\"操作成功\",\"code\":200}',0,NULL,'2025-05-27 23:35:28',10),(410,'导演',3,'com.movie.data.controller.DirectorsController.remove()','DELETE',1,'admin','管理部门','/directors/directors/5','127.0.0.1','内网IP','[5]','{\"msg\":\"操作成功\",\"code\":200}',0,NULL,'2025-05-27 23:35:38',6),(411,'导演',1,'com.movie.data.controller.DirectorsController.add()','POST',1,'admin','管理部门','/directors/directors','127.0.0.1','内网IP','{\"id\":6,\"name\":\"shiyan\",\"params\":{}}','{\"msg\":\"操作成功\",\"code\":200}',0,NULL,'2025-05-27 23:38:29',5),(412,'电影表',2,'com.movie.data.controller.MoviesController.edit()','PUT',1,'admin','管理部门','/movies/movies','127.0.0.1','内网IP','{\"actors\":[],\"directors\":[6],\"movies\":{\"count\":0,\"id\":13,\"monthcount\":1,\"name\":\"321\",\"params\":{},\"scoreCount\":0,\"scoreTotal\":0,\"see\":0,\"weekcount\":1}}','{\"msg\":\"操作成功\",\"code\":200}',0,NULL,'2025-05-27 23:38:41',10),(413,'导演',3,'com.movie.data.controller.DirectorsController.remove()','DELETE',1,'admin','管理部门','/directors/directors/6','127.0.0.1','内网IP','[6]','{\"msg\":\"操作成功\",\"code\":200}',0,NULL,'2025-05-27 23:38:48',7),(414,'导演',1,'com.movie.data.controller.DirectorsController.add()','POST',1,'admin','管理部门','/directors/directors','127.0.0.1','内网IP','{\"id\":7,\"name\":\"shiyan\",\"params\":{}}','{\"msg\":\"操作成功\",\"code\":200}',0,NULL,'2025-05-27 23:40:36',4),(415,'电影表',2,'com.movie.data.controller.MoviesController.edit()','PUT',1,'admin','管理部门','/movies/movies','127.0.0.1','内网IP','{\"actors\":[],\"directors\":[7],\"movies\":{\"count\":0,\"id\":13,\"monthcount\":1,\"name\":\"321\",\"params\":{},\"scoreCount\":0,\"scoreTotal\":0,\"see\":0,\"weekcount\":1}}','{\"msg\":\"操作成功\",\"code\":200}',0,NULL,'2025-05-27 23:41:16',8),(416,'导演',3,'com.movie.data.controller.DirectorsController.remove()','DELETE',1,'admin','管理部门','/directors/directors/7','127.0.0.1','内网IP','[7]','{\"msg\":\"操作成功\",\"code\":200}',0,NULL,'2025-05-27 23:51:40',9),(417,'导演',1,'com.movie.data.controller.DirectorsController.add()','POST',1,'admin','管理部门','/directors/directors','127.0.0.1','内网IP','{\"id\":8,\"name\":\"shiy\",\"params\":{}}','{\"msg\":\"操作成功\",\"code\":200}',0,NULL,'2025-05-27 23:54:37',5),(418,'电影表',2,'com.movie.data.controller.MoviesController.edit()','PUT',1,'admin','管理部门','/movies/movies','127.0.0.1','内网IP','{\"actors\":[],\"directors\":[8],\"movies\":{\"count\":0,\"id\":13,\"monthcount\":1,\"name\":\"321\",\"params\":{},\"scoreCount\":0,\"scoreTotal\":0,\"see\":0,\"weekcount\":1}}','{\"msg\":\"操作成功\",\"code\":200}',0,NULL,'2025-05-27 23:54:50',14),(419,'导演',3,'com.movie.data.controller.DirectorsController.remove()','DELETE',1,'admin','管理部门','/directors/directors/8','127.0.0.1','内网IP','[8]','{\"msg\":\"操作成功\",\"code\":200}',0,NULL,'2025-05-27 23:54:57',6),(420,'导演',1,'com.movie.data.controller.DirectorsController.add()','POST',1,'admin','管理部门','/directors/directors','127.0.0.1','内网IP','{\"id\":9,\"name\":\"shiyan\",\"params\":{}}','{\"msg\":\"操作成功\",\"code\":200}',0,NULL,'2025-05-27 23:58:55',4),(421,'电影表',2,'com.movie.data.controller.MoviesController.edit()','PUT',1,'admin','管理部门','/movies/movies','127.0.0.1','内网IP','{\"actors\":[],\"directors\":[9],\"movies\":{\"count\":0,\"id\":13,\"monthcount\":1,\"name\":\"321\",\"params\":{},\"scoreCount\":0,\"scoreTotal\":0,\"see\":0,\"weekcount\":1}}','{\"msg\":\"操作成功\",\"code\":200}',0,NULL,'2025-05-27 23:59:08',9),(422,'导演',3,'com.movie.data.controller.DirectorsController.remove()','DELETE',1,'admin','管理部门','/directors/directors/9','127.0.0.1','内网IP','[9]','{\"msg\":\"操作成功\",\"code\":200}',0,NULL,'2025-05-27 23:59:14',7),(423,'导演',1,'com.movie.data.controller.DirectorsController.add()','POST',1,'admin','管理部门','/directors/directors','127.0.0.1','内网IP','{\"id\":10,\"name\":\"test\",\"params\":{}}','{\"msg\":\"操作成功\",\"code\":200}',0,NULL,'2025-05-29 14:23:50',19),(424,'导演',1,'com.movie.data.controller.DirectorsController.add()','POST',1,'admin','管理部门','/directors/directors','127.0.0.1','内网IP','{\"id\":11,\"name\":\"test2\",\"params\":{}}','{\"msg\":\"操作成功\",\"code\":200}',0,NULL,'2025-05-29 14:24:05',6),(425,'导演',3,'com.movie.data.controller.DirectorsController.remove()','DELETE',1,'admin','管理部门','/directors/directors/11','127.0.0.1','内网IP','[11]','{\"msg\":\"操作成功\",\"code\":200}',0,NULL,'2025-05-29 14:24:29',13),(426,'导演',3,'com.movie.data.controller.DirectorsController.remove()','DELETE',1,'admin','管理部门','/directors/directors/10','127.0.0.1','内网IP','[10]','{\"msg\":\"操作成功\",\"code\":200}',0,NULL,'2025-05-29 14:24:30',7),(427,'演员',1,'com.movie.data.controller.ActorsController.add()','POST',1,'admin','管理部门','/actors/actors','127.0.0.1','内网IP','{\"id\":4,\"name\":\"test1\",\"params\":{}}','{\"msg\":\"操作成功\",\"code\":200}',0,NULL,'2025-05-29 14:25:48',7),(428,'演员',1,'com.movie.data.controller.ActorsController.add()','POST',1,'admin','管理部门','/actors/actors','127.0.0.1','内网IP','{\"id\":5,\"name\":\"test2\",\"params\":{}}','{\"msg\":\"操作成功\",\"code\":200}',0,NULL,'2025-05-29 14:25:54',4),(429,'演员',3,'com.movie.data.controller.ActorsController.remove()','DELETE',1,'admin','管理部门','/actors/actors/5','127.0.0.1','内网IP','[5]','{\"msg\":\"操作成功\",\"code\":200}',0,NULL,'2025-05-29 14:26:07',15),(430,'演员',3,'com.movie.data.controller.ActorsController.remove()','DELETE',1,'admin','管理部门','/actors/actors/4','127.0.0.1','内网IP','[4]','{\"msg\":\"操作成功\",\"code\":200}',0,NULL,'2025-05-29 14:26:09',10),(431,'演员',1,'com.movie.data.controller.ActorsController.add()','POST',1,'admin','管理部门','/actors/actors','127.0.0.1','内网IP','{\"id\":6,\"name\":\"11\",\"params\":{}}','{\"msg\":\"操作成功\",\"code\":200}',0,NULL,'2025-05-29 14:35:23',4),(432,'演员',1,'com.movie.data.controller.ActorsController.add()','POST',1,'admin','管理部门','/actors/actors','127.0.0.1','内网IP','{\"id\":7,\"name\":\"22\",\"params\":{}}','{\"msg\":\"操作成功\",\"code\":200}',0,NULL,'2025-05-29 14:35:39',5),(433,'演员',3,'com.movie.data.controller.ActorsController.remove()','DELETE',1,'admin','管理部门','/actors/actors/6','127.0.0.1','内网IP','[6]','{\"msg\":\"操作成功\",\"code\":200}',0,NULL,'2025-05-29 14:35:49',13),(434,'演员',3,'com.movie.data.controller.ActorsController.remove()','DELETE',1,'admin','管理部门','/actors/actors/7','127.0.0.1','内网IP','[7]','{\"msg\":\"操作成功\",\"code\":200}',0,NULL,'2025-05-29 14:35:52',7),(435,'演员',1,'com.movie.data.controller.ActorsController.add()','POST',1,'admin','管理部门','/actors/actors','127.0.0.1','内网IP','{\"id\":8,\"name\":\"2\",\"params\":{}}','{\"msg\":\"操作成功\",\"code\":200}',0,NULL,'2025-05-29 14:36:36',8),(436,'演员',1,'com.movie.data.controller.ActorsController.add()','POST',1,'admin','管理部门','/actors/actors','127.0.0.1','内网IP','{\"id\":9,\"name\":\"2\",\"params\":{}}','{\"msg\":\"操作成功\",\"code\":200}',0,NULL,'2025-05-29 14:36:39',5),(437,'演员',3,'com.movie.data.controller.ActorsController.remove()','DELETE',1,'admin','管理部门','/actors/actors/8','127.0.0.1','内网IP','[8]','{\"msg\":\"操作成功\",\"code\":200}',0,NULL,'2025-05-29 14:36:49',14),(438,'演员',3,'com.movie.data.controller.ActorsController.remove()','DELETE',1,'admin','管理部门','/actors/actors/9','127.0.0.1','内网IP','[9]','{\"msg\":\"操作成功\",\"code\":200}',0,NULL,'2025-05-29 14:36:50',7),(439,'演员',1,'com.movie.data.controller.ActorsController.add()','POST',1,'admin','管理部门','/actors/actors','127.0.0.1','内网IP','{\"id\":10,\"name\":\"33\",\"params\":{}}','{\"msg\":\"操作成功\",\"code\":200}',0,NULL,'2025-05-29 14:37:09',5),(440,'演员',1,'com.movie.data.controller.ActorsController.add()','POST',1,'admin','管理部门','/actors/actors','127.0.0.1','内网IP','{\"id\":11,\"name\":\"321\",\"params\":{}}','{\"msg\":\"操作成功\",\"code\":200}',0,NULL,'2025-05-29 14:41:09',6),(441,'演员',3,'com.movie.data.controller.ActorsController.remove()','DELETE',1,'admin','管理部门','/actors/actors/11','127.0.0.1','内网IP','[11]','{\"msg\":\"操作成功\",\"code\":200}',0,NULL,'2025-05-29 14:42:25',17),(442,'演员',3,'com.movie.data.controller.ActorsController.remove()','DELETE',1,'admin','管理部门','/actors/actors/10','127.0.0.1','内网IP','[10]','{\"msg\":\"操作成功\",\"code\":200}',0,NULL,'2025-05-29 14:42:27',10),(443,'演员',1,'com.movie.data.controller.ActorsController.add()','POST',1,'admin','管理部门','/actors/actors','127.0.0.1','内网IP','{\"id\":12,\"name\":\"321\",\"params\":{}}','{\"msg\":\"操作成功\",\"code\":200}',0,NULL,'2025-05-29 14:42:39',4),(444,'演员',3,'com.movie.data.controller.ActorsController.remove()','DELETE',1,'admin','管理部门','/actors/actors/12','127.0.0.1','内网IP','[12]','{\"msg\":\"操作成功\",\"code\":200}',0,NULL,'2025-05-29 14:43:02',4),(445,'导演',1,'com.movie.data.controller.DirectorsController.add()','POST',1,'admin','管理部门','/directors/directors','127.0.0.1','内网IP','{\"id\":12,\"name\":\"33\",\"params\":{}}','{\"msg\":\"操作成功\",\"code\":200}',0,NULL,'2025-05-29 14:46:46',4),(446,'演员',1,'com.movie.data.controller.ActorsController.add()','POST',1,'admin','管理部门','/actors/actors','127.0.0.1','内网IP','{\"id\":13,\"name\":\"33\",\"params\":{}}','{\"msg\":\"操作成功\",\"code\":200}',0,NULL,'2025-05-29 14:46:51',4),(447,'演员',3,'com.movie.data.controller.ActorsController.remove()','DELETE',1,'admin','管理部门','/actors/actors/13','127.0.0.1','内网IP','[13]','{\"msg\":\"操作成功\",\"code\":200}',0,NULL,'2025-05-29 14:47:11',5),(448,'导演',3,'com.movie.data.controller.DirectorsController.remove()','DELETE',1,'admin','管理部门','/directors/directors/12','127.0.0.1','内网IP','[12]','{\"msg\":\"操作成功\",\"code\":200}',0,NULL,'2025-05-29 14:47:52',7),(449,'导演',1,'com.movie.data.controller.DirectorsController.add()','POST',1,'admin','管理部门','/directors/directors','127.0.0.1','内网IP','{\"id\":13,\"name\":\"44\",\"params\":{}}','{\"msg\":\"操作成功\",\"code\":200}',0,NULL,'2025-05-29 14:47:56',4),(450,'导演',1,'com.movie.data.controller.DirectorsController.add()','POST',1,'admin','管理部门','/directors/directors','127.0.0.1','内网IP','{\"id\":14,\"name\":\"4\",\"params\":{}}','{\"msg\":\"操作成功\",\"code\":200}',0,NULL,'2025-05-29 14:49:52',6),(451,'导演',3,'com.movie.data.controller.DirectorsController.remove()','DELETE',1,'admin','管理部门','/directors/directors/13,14','127.0.0.1','内网IP','[13,14]','{\"msg\":\"操作成功\",\"code\":200}',0,NULL,'2025-05-29 14:52:12',5),(452,'导演',1,'com.movie.data.controller.DirectorsController.add()','POST',1,'admin','管理部门','/directors/directors','127.0.0.1','内网IP','{\"id\":15,\"name\":\"te\",\"params\":{}}','{\"msg\":\"操作成功\",\"code\":200}',0,NULL,'2025-05-29 14:52:17',4),(453,'导演',3,'com.movie.data.controller.DirectorsController.remove()','DELETE',1,'admin','管理部门','/directors/directors/15','127.0.0.1','内网IP','[15]','{\"msg\":\"操作成功\",\"code\":200}',0,NULL,'2025-05-29 14:52:30',11),(454,'导演',2,'com.movie.data.controller.DirectorsController.edit()','PUT',1,'admin','管理部门','/directors/directors','127.0.0.1','内网IP','{\"id\":4,\"name\":\"Tom1\",\"params\":{}}','{\"msg\":\"操作成功\",\"code\":200}',0,NULL,'2025-05-29 14:57:49',6),(455,'电影表',2,'com.movie.data.controller.MoviesController.edit()','PUT',1,'admin','管理部门','/movies/movies','127.0.0.1','内网IP','{\"actors\":[2],\"directors\":[2,4],\"movies\":{\"areaId\":3,\"count\":53,\"genreId\":2,\"id\":6,\"monthcount\":312,\"name\":\"53\",\"params\":{},\"releaseDate\":2023,\"scoreCount\":0,\"scoreTotal\":0,\"see\":0,\"weekcount\":53}}','{\"msg\":\"操作成功\",\"code\":200}',0,NULL,'2025-05-29 14:58:17',25),(456,'导演',2,'com.movie.data.controller.DirectorsController.edit()','PUT',1,'admin','管理部门','/directors/directors','127.0.0.1','内网IP','{\"id\":4,\"name\":\"Tom\",\"params\":{}}','{\"msg\":\"操作成功\",\"code\":200}',0,NULL,'2025-05-29 14:58:31',4),(457,'电影表',2,'com.movie.data.controller.MoviesController.edit()','PUT',1,'admin','管理部门','/movies/movies','127.0.0.1','内网IP','{\"actors\":[],\"directors\":[4],\"movies\":{\"count\":0,\"id\":13,\"monthcount\":1,\"name\":\"321\",\"params\":{},\"scoreCount\":0,\"scoreTotal\":0,\"see\":0,\"weekcount\":1}}','{\"msg\":\"操作成功\",\"code\":200}',0,NULL,'2025-05-29 14:58:52',7),(458,'导演',2,'com.movie.data.controller.DirectorsController.edit()','PUT',1,'admin','管理部门','/directors/directors','127.0.0.1','内网IP','{\"id\":4,\"name\":\"Tom1\",\"params\":{}}','{\"msg\":\"操作成功\",\"code\":200}',0,NULL,'2025-05-29 14:58:58',5),(459,'导演',1,'com.movie.data.controller.DirectorsController.add()','POST',1,'admin','管理部门','/directors/directors','127.0.0.1','内网IP','{\"id\":16,\"name\":\"3\",\"params\":{}}','{\"msg\":\"操作成功\",\"code\":200}',0,NULL,'2025-05-29 15:01:50',4),(460,'导演',3,'com.movie.data.controller.DirectorsController.remove()','DELETE',1,'admin','管理部门','/directors/directors/16','127.0.0.1','内网IP','[16]','{\"msg\":\"操作成功\",\"code\":200}',0,NULL,'2025-05-29 15:01:53',5),(461,'导演',2,'com.movie.data.controller.DirectorsController.edit()','PUT',1,'admin','管理部门','/directors/directors','127.0.0.1','内网IP','{\"id\":4,\"name\":\"Tom\",\"params\":{}}','{\"msg\":\"操作成功\",\"code\":200}',0,NULL,'2025-05-29 15:01:58',4),(462,'导演',2,'com.movie.data.controller.DirectorsController.edit()','PUT',1,'admin','管理部门','/directors/directors','127.0.0.1','内网IP','{\"id\":4,\"name\":\"Tom1\",\"params\":{}}','{\"msg\":\"操作成功\",\"code\":200}',0,NULL,'2025-05-29 15:02:39',4),(463,'导演',2,'com.movie.data.controller.DirectorsController.edit()','PUT',1,'admin','管理部门','/directors/directors','127.0.0.1','内网IP','{\"id\":4,\"name\":\"Tom\",\"params\":{}}','{\"msg\":\"操作成功\",\"code\":200}',0,NULL,'2025-05-29 15:02:51',6),(464,'代码生成',2,'com.movie.generator.controller.GenController.synchDb()','GET',1,'admin','管理部门','/tool/gen/synchDb/movies','127.0.0.1','内网IP','{}','{\"msg\":\"操作成功\",\"code\":200}',0,NULL,'2025-05-29 16:43:59',77),(465,'电影表',2,'com.movie.data.controller.MoviesController.edit()','PUT',1,'admin','管理部门','/movies/movies','127.0.0.1','内网IP','{\"actors\":[2,3],\"directors\":[2,3],\"movies\":{\"areaId\":4,\"count\":312,\"coverurl\":\"2\",\"description\":\"42哇哇哇哇哇哇哇哇哇哇哇哇哇哇哇哇哇哇哇哇哇哇哇哇哇哇哇哇哇哇哇哇哇哇哇哇哇哇\",\"genreId\":1,\"id\":5,\"monthcount\":312,\"movieurl\":\"3337\",\"name\":\"312\",\"params\":{},\"releaseDate\":2025,\"scoreCount\":1,\"scoreTotal\":1,\"see\":0,\"weekcount\":312312}}','{\"msg\":\"操作成功\",\"code\":200}',0,NULL,'2025-05-29 16:58:31',117),(466,'电影表',2,'com.movie.data.controller.MoviesController.edit()','PUT',1,'admin','管理部门','/movies/movies','127.0.0.1','内网IP','{\"actors\":[2,3],\"directors\":[2],\"movies\":{\"areaId\":2,\"count\":423,\"genreId\":1,\"id\":12,\"monthcount\":423,\"movieurl\":\"888\",\"name\":\"432\",\"params\":{},\"releaseDate\":2024,\"scoreCount\":0,\"scoreTotal\":0,\"see\":0,\"weekcount\":423}}','{\"msg\":\"操作成功\",\"code\":200}',0,NULL,'2025-05-29 16:58:41',17),(467,'电影表',2,'com.movie.data.controller.MoviesController.edit()','PUT',1,'admin','管理部门','/movies/movies','127.0.0.1','内网IP','{\"actors\":[2],\"directors\":[2],\"movies\":{\"areaId\":1,\"count\":2,\"coverurl\":\"2\",\"description\":\"2\",\"genreId\":2,\"id\":8,\"monthcount\":2,\"movieurl\":\"999\",\"name\":\"332\",\"params\":{},\"scoreCount\":2,\"scoreTotal\":2,\"see\":1,\"weekcount\":2}}','{\"msg\":\"操作成功\",\"code\":200}',0,NULL,'2025-05-29 16:58:48',16),(468,'电影表',2,'com.movie.data.controller.MoviesController.edit()','PUT',1,'admin','管理部门','/movies/movies','127.0.0.1','内网IP','{\"actors\":[],\"directors\":[],\"movies\":{\"count\":0,\"genreId\":3,\"id\":16,\"monthcount\":1,\"movieurl\":\"16\",\"name\":\"321\",\"params\":{},\"scoreCount\":0,\"scoreTotal\":0,\"see\":0,\"weekcount\":4}}','{\"msg\":\"操作成功\",\"code\":200}',0,NULL,'2025-05-29 16:58:53',8),(469,'电影表',2,'com.movie.data.controller.MoviesController.edit()','PUT',1,'admin','管理部门','/movies/movies','127.0.0.1','内网IP','{\"actors\":[],\"directors\":[],\"movies\":{\"count\":0,\"id\":20,\"monthcount\":0,\"movieurl\":\"null\",\"name\":\"312\",\"params\":{},\"scoreCount\":0,\"scoreTotal\":0,\"see\":0,\"weekcount\":0}}','{\"msg\":\"操作成功\",\"code\":200}',0,NULL,'2025-05-29 16:59:03',9),(470,'电影表',2,'com.movie.data.controller.MoviesController.edit()','PUT',1,'admin','管理部门','/movies/movies','127.0.0.1','内网IP','{\"actors\":[2,3],\"directors\":[2,3],\"movies\":{\"areaId\":4,\"count\":312,\"coverurl\":\"2\",\"description\":\"42哇哇哇哇哇哇哇哇哇哇哇哇哇哇哇哇哇哇哇哇哇哇哇哇哇哇哇哇哇哇哇哇哇哇哇哇哇哇\",\"genreId\":1,\"id\":5,\"monthcount\":312,\"movieurl\":\"33371111111111111111\",\"name\":\"312\",\"params\":{},\"releaseDate\":2025,\"scoreCount\":1,\"scoreTotal\":1,\"see\":0,\"weekcount\":312312}}','{\"msg\":\"操作成功\",\"code\":200}',0,NULL,'2025-05-29 17:01:57',16),(471,'电影表',3,'com.movie.data.controller.MoviesController.remove()','DELETE',1,'admin','管理部门','/movies/movies/20','127.0.0.1','内网IP','[20]','{\"msg\":\"操作成功\",\"code\":200}',0,NULL,'2025-05-29 22:25:44',22);
/*!40000 ALTER TABLE `sys_oper_log` ENABLE KEYS */;
UNLOCK TABLES;

--
-- Table structure for table `sys_post`
--

DROP TABLE IF EXISTS `sys_post`;
/*!40101 SET @saved_cs_client     = @@character_set_client */;
/*!50503 SET character_set_client = utf8mb4 */;
CREATE TABLE `sys_post` (
  `post_id` bigint NOT NULL AUTO_INCREMENT COMMENT '岗位ID',
  `post_code` varchar(64) NOT NULL COMMENT '岗位编码',
  `post_name` varchar(50) NOT NULL COMMENT '岗位名称',
  `post_sort` int NOT NULL COMMENT '显示顺序',
  `status` char(1) NOT NULL COMMENT '状态（0正常 1停用）',
  `create_by` varchar(64) DEFAULT '' COMMENT '创建者',
  `create_time` datetime DEFAULT NULL COMMENT '创建时间',
  `update_by` varchar(64) DEFAULT '' COMMENT '更新者',
  `update_time` datetime DEFAULT NULL COMMENT '更新时间',
  `remark` varchar(500) DEFAULT NULL COMMENT '备注',
  PRIMARY KEY (`post_id`)
) ENGINE=InnoDB AUTO_INCREMENT=5 DEFAULT CHARSET=utf8mb3 COMMENT='岗位信息表';
/*!40101 SET character_set_client = @saved_cs_client */;

--
-- Dumping data for table `sys_post`
--

LOCK TABLES `sys_post` WRITE;
/*!40000 ALTER TABLE `sys_post` DISABLE KEYS */;
INSERT INTO `sys_post` VALUES (1,'ceo','董事长',1,'0','admin','2025-05-23 17:08:56','',NULL,''),(2,'se','项目经理',2,'0','admin','2025-05-23 17:08:56','',NULL,''),(3,'hr','人力资源',3,'0','admin','2025-05-23 17:08:56','',NULL,''),(4,'user','普通员工',4,'0','admin','2025-05-23 17:08:56','',NULL,'');
/*!40000 ALTER TABLE `sys_post` ENABLE KEYS */;
UNLOCK TABLES;

--
-- Table structure for table `sys_role`
--

DROP TABLE IF EXISTS `sys_role`;
/*!40101 SET @saved_cs_client     = @@character_set_client */;
/*!50503 SET character_set_client = utf8mb4 */;
CREATE TABLE `sys_role` (
  `role_id` bigint NOT NULL AUTO_INCREMENT COMMENT '角色ID',
  `role_name` varchar(30) NOT NULL COMMENT '角色名称',
  `role_key` varchar(100) NOT NULL COMMENT '角色权限字符串',
  `role_sort` int NOT NULL COMMENT '显示顺序',
  `data_scope` char(1) DEFAULT '1' COMMENT '数据范围（1：全部数据权限 2：自定数据权限 3：本部门数据权限 4：本部门及以下数据权限）',
  `menu_check_strictly` tinyint(1) DEFAULT '1' COMMENT '菜单树选择项是否关联显示',
  `dept_check_strictly` tinyint(1) DEFAULT '1' COMMENT '部门树选择项是否关联显示',
  `status` char(1) NOT NULL COMMENT '角色状态（0正常 1停用）',
  `del_flag` char(1) DEFAULT '0' COMMENT '删除标志（0代表存在 2代表删除）',
  `create_by` varchar(64) DEFAULT '' COMMENT '创建者',
  `create_time` datetime DEFAULT NULL COMMENT '创建时间',
  `update_by` varchar(64) DEFAULT '' COMMENT '更新者',
  `update_time` datetime DEFAULT NULL COMMENT '更新时间',
  `remark` varchar(500) DEFAULT NULL COMMENT '备注',
  PRIMARY KEY (`role_id`)
) ENGINE=InnoDB AUTO_INCREMENT=101 DEFAULT CHARSET=utf8mb3 COMMENT='角色信息表';
/*!40101 SET character_set_client = @saved_cs_client */;

--
-- Dumping data for table `sys_role`
--

LOCK TABLES `sys_role` WRITE;
/*!40000 ALTER TABLE `sys_role` DISABLE KEYS */;
INSERT INTO `sys_role` VALUES (1,'管理员','admin',1,'1',1,1,'0','0','admin','2025-05-23 17:08:56','',NULL,'管理员'),(2,'普通角色','common',2,'2',1,1,'0','2','admin','2025-05-23 17:08:56','admin','2025-05-23 17:35:41','普通角色'),(100,'普通用户','normal',2,'1',1,1,'0','0','admin','2025-05-24 00:01:56','',NULL,'普通用户');
/*!40000 ALTER TABLE `sys_role` ENABLE KEYS */;
UNLOCK TABLES;

--
-- Table structure for table `sys_role_dept`
--

DROP TABLE IF EXISTS `sys_role_dept`;
/*!40101 SET @saved_cs_client     = @@character_set_client */;
/*!50503 SET character_set_client = utf8mb4 */;
CREATE TABLE `sys_role_dept` (
  `role_id` bigint NOT NULL COMMENT '角色ID',
  `dept_id` bigint NOT NULL COMMENT '部门ID',
  PRIMARY KEY (`role_id`,`dept_id`)
) ENGINE=InnoDB DEFAULT CHARSET=utf8mb3 COMMENT='角色和部门关联表';
/*!40101 SET character_set_client = @saved_cs_client */;

--
-- Dumping data for table `sys_role_dept`
--

LOCK TABLES `sys_role_dept` WRITE;
/*!40000 ALTER TABLE `sys_role_dept` DISABLE KEYS */;
/*!40000 ALTER TABLE `sys_role_dept` ENABLE KEYS */;
UNLOCK TABLES;

--
-- Table structure for table `sys_role_menu`
--

DROP TABLE IF EXISTS `sys_role_menu`;
/*!40101 SET @saved_cs_client     = @@character_set_client */;
/*!50503 SET character_set_client = utf8mb4 */;
CREATE TABLE `sys_role_menu` (
  `role_id` bigint NOT NULL COMMENT '角色ID',
  `menu_id` bigint NOT NULL COMMENT '菜单ID',
  PRIMARY KEY (`role_id`,`menu_id`)
) ENGINE=InnoDB DEFAULT CHARSET=utf8mb3 COMMENT='角色和菜单关联表';
/*!40101 SET character_set_client = @saved_cs_client */;

--
-- Dumping data for table `sys_role_menu`
--

LOCK TABLES `sys_role_menu` WRITE;
/*!40000 ALTER TABLE `sys_role_menu` DISABLE KEYS */;
/*!40000 ALTER TABLE `sys_role_menu` ENABLE KEYS */;
UNLOCK TABLES;

--
-- Table structure for table `sys_user`
--

DROP TABLE IF EXISTS `sys_user`;
/*!40101 SET @saved_cs_client     = @@character_set_client */;
/*!50503 SET character_set_client = utf8mb4 */;
CREATE TABLE `sys_user` (
  `user_id` bigint NOT NULL AUTO_INCREMENT COMMENT '用户ID',
  `dept_id` bigint DEFAULT NULL COMMENT '部门ID',
  `user_name` varchar(30) NOT NULL COMMENT '用户账号',
  `nick_name` varchar(30) NOT NULL COMMENT '用户昵称',
  `user_type` varchar(2) DEFAULT '00' COMMENT '用户类型（00系统用户）',
  `email` varchar(50) DEFAULT '' COMMENT '用户邮箱',
  `phonenumber` varchar(11) DEFAULT '' COMMENT '手机号码',
  `sex` char(1) DEFAULT '0' COMMENT '用户性别（0男 1女 2未知）',
  `avatar` varchar(100) DEFAULT '' COMMENT '头像地址',
  `password` varchar(100) DEFAULT '' COMMENT '密码',
  `status` char(1) DEFAULT '0' COMMENT '账号状态（0正常 1停用）',
  `del_flag` char(1) DEFAULT '0' COMMENT '删除标志（0代表存在 2代表删除）',
  `login_ip` varchar(128) DEFAULT '' COMMENT '最后登录IP',
  `login_date` datetime DEFAULT NULL COMMENT '最后登录时间',
  `pwd_update_date` datetime DEFAULT NULL COMMENT '密码最后更新时间',
  `create_by` varchar(64) DEFAULT '' COMMENT '创建者',
  `create_time` datetime DEFAULT NULL COMMENT '创建时间',
  `update_by` varchar(64) DEFAULT '' COMMENT '更新者',
  `update_time` datetime DEFAULT NULL COMMENT '更新时间',
  `remark` varchar(500) DEFAULT NULL COMMENT '备注',
  PRIMARY KEY (`user_id`)
) ENGINE=InnoDB AUTO_INCREMENT=102 DEFAULT CHARSET=utf8mb3 COMMENT='用户信息表';
/*!40101 SET character_set_client = @saved_cs_client */;

--
-- Dumping data for table `sys_user`
--

LOCK TABLES `sys_user` WRITE;
/*!40000 ALTER TABLE `sys_user` DISABLE KEYS */;
INSERT INTO `sys_user` VALUES (1,101,'admin','admin','00','gyz@163.com','18888888888','0','/profile/avatar/2025/05/23/avatar_20250523175210A001.png','$2a$10$7JB720yubVSZvUI0rEqK/.VqGOZTH.ulu33dHOiBE8ByOhJIrdAu2','0','0','127.0.0.1','2025-05-29 22:25:31','2025-05-23 17:08:56','admin','2025-05-23 17:08:56','','2025-05-29 22:25:30','管理员');
/*!40000 ALTER TABLE `sys_user` ENABLE KEYS */;
UNLOCK TABLES;

--
-- Table structure for table `sys_user_post`
--

DROP TABLE IF EXISTS `sys_user_post`;
/*!40101 SET @saved_cs_client     = @@character_set_client */;
/*!50503 SET character_set_client = utf8mb4 */;
CREATE TABLE `sys_user_post` (
  `user_id` bigint NOT NULL COMMENT '用户ID',
  `post_id` bigint NOT NULL COMMENT '岗位ID',
  PRIMARY KEY (`user_id`,`post_id`)
) ENGINE=InnoDB DEFAULT CHARSET=utf8mb3 COMMENT='用户与岗位关联表';
/*!40101 SET character_set_client = @saved_cs_client */;

--
-- Dumping data for table `sys_user_post`
--

LOCK TABLES `sys_user_post` WRITE;
/*!40000 ALTER TABLE `sys_user_post` DISABLE KEYS */;
INSERT INTO `sys_user_post` VALUES (1,2),(101,2);
/*!40000 ALTER TABLE `sys_user_post` ENABLE KEYS */;
UNLOCK TABLES;

--
-- Table structure for table `sys_user_role`
--

DROP TABLE IF EXISTS `sys_user_role`;
/*!40101 SET @saved_cs_client     = @@character_set_client */;
/*!50503 SET character_set_client = utf8mb4 */;
CREATE TABLE `sys_user_role` (
  `user_id` bigint NOT NULL COMMENT '用户ID',
  `role_id` bigint NOT NULL COMMENT '角色ID',
  PRIMARY KEY (`user_id`,`role_id`)
) ENGINE=InnoDB DEFAULT CHARSET=utf8mb3 COMMENT='用户和角色关联表';
/*!40101 SET character_set_client = @saved_cs_client */;

--
-- Dumping data for table `sys_user_role`
--

LOCK TABLES `sys_user_role` WRITE;
/*!40000 ALTER TABLE `sys_user_role` DISABLE KEYS */;
INSERT INTO `sys_user_role` VALUES (1,1);
/*!40000 ALTER TABLE `sys_user_role` ENABLE KEYS */;
UNLOCK TABLES;

--
-- Table structure for table `users`
--

DROP TABLE IF EXISTS `users`;
/*!40101 SET @saved_cs_client     = @@character_set_client */;
/*!50503 SET character_set_client = utf8mb4 */;
CREATE TABLE `users` (
  `id` bigint NOT NULL AUTO_INCREMENT COMMENT 'id',
  `username` varchar(50) CHARACTER SET utf8mb3 COLLATE utf8mb3_general_ci NOT NULL COMMENT '账户',
  `password` varchar(100) CHARACTER SET utf8mb3 COLLATE utf8mb3_general_ci NOT NULL COMMENT '密码',
  `email` varchar(100) CHARACTER SET utf8mb3 COLLATE utf8mb3_general_ci DEFAULT NULL COMMENT '邮箱',
  `phone` varchar(20) CHARACTER SET utf8mb3 COLLATE utf8mb3_general_ci DEFAULT NULL COMMENT '手机',
  `gender` tinyint DEFAULT '0' COMMENT '性别(0男1女)',
  `user_type` tinyint NOT NULL DEFAULT '0' COMMENT '是否为vip(0否1是)',
  PRIMARY KEY (`id`),
  UNIQUE KEY `username` (`username`)
) ENGINE=InnoDB AUTO_INCREMENT=12 DEFAULT CHARSET=utf8mb3;
/*!40101 SET character_set_client = @saved_cs_client */;

--
-- Dumping data for table `users`
--

LOCK TABLES `users` WRITE;
/*!40000 ALTER TABLE `users` DISABLE KEYS */;
INSERT INTO `users` VALUES (1,'1','1',NULL,NULL,0,0),(2,'2','2',NULL,NULL,0,0),(3,'3','3',NULL,NULL,0,0),(4,'4','4',NULL,NULL,0,1),(5,'5','5',NULL,NULL,0,1),(6,'6','6',NULL,NULL,0,1),(7,'7','7',NULL,NULL,0,0),(8,'8','8',NULL,NULL,0,1),(9,'9','9',NULL,NULL,0,1),(10,'10','10',NULL,NULL,0,0),(11,'c','c',NULL,NULL,0,0);
/*!40000 ALTER TABLE `users` ENABLE KEYS */;
UNLOCK TABLES;
/*!40103 SET TIME_ZONE=@OLD_TIME_ZONE */;

/*!40101 SET SQL_MODE=@OLD_SQL_MODE */;
/*!40014 SET FOREIGN_KEY_CHECKS=@OLD_FOREIGN_KEY_CHECKS */;
/*!40014 SET UNIQUE_CHECKS=@OLD_UNIQUE_CHECKS */;
/*!40101 SET CHARACTER_SET_CLIENT=@OLD_CHARACTER_SET_CLIENT */;
/*!40101 SET CHARACTER_SET_RESULTS=@OLD_CHARACTER_SET_RESULTS */;
/*!40101 SET COLLATION_CONNECTION=@OLD_COLLATION_CONNECTION */;
/*!40111 SET SQL_NOTES=@OLD_SQL_NOTES */;

-- Dump completed on 2025-06-03 20:20:51
